id,margin_id,stone_type_id,stone_shape_id,stone_size_id,stone_shade_id,rate
stone_0,EM+15,ABA,,,,2.0
stone_1,EM+15,AGA,,,,2.11
stone_2,EM+15,AK1,,,,2.0
stone_3,EM+15,AK2,,,,2.0
stone_4,EM+15,ALX,,,,2.11
stone_5,EM+15,AME,,,,2.11
stone_6,EM+15,AMZ,,,,2.11
stone_7,EM+15,AP,,,,2.11
stone_8,EM+15,AQ,,,,2.11
stone_9,EM+15,AVT,,,,2.11
stone_10,EM+15,BAG,,,,2.11
stone_11,EM+15,BDI,,,,2.11
stone_12,EM+15,BKTOU,,,,2.11
stone_13,EM+15,BON,,,,2.11
stone_14,EM+15,BRL,,,,2.11
stone_15,EM+15,BRZ,,,,2.11
stone_16,EM+15,BT,,,,2.11
stone_17,EM+15,BTOUR,,,,2.11
stone_18,EM+15,BUT,,,,2.0
stone_19,EM+15,BZ,,,,1.77
stone_20,EM+15,CAC,,,,2.11
stone_21,EM+15,CAM,,,,2.11
stone_22,EM+15,CAR,,,,2.11
stone_23,EM+15,CCT,,,,2.65
stone_24,EM+15,CHA,,,,2.11
stone_25,EM+15,CHP,,,,2.11
stone_26,EM+15,CHR,,,,2.11
stone_27,EM+15,CHRP,,,,2.11
stone_28,EM+15,CIT,,,,2.11
stone_29,EM+15,COG,,,,2.11
stone_30,EM+15,CORAL,,,,2.64
stone_31,EM+15,CRY,,,,2.11
stone_32,EM+15,CUB,,,,2.11
stone_33,EM+15,DIO,,,,2.11
stone_34,EM+15,DRE,,,,2.11
stone_35,EM+15,DTS,,0.6,,1.4
stone_36,EM+15,DTS,,0.7,,1.4
stone_37,EM+15,DTS,,0.8,,1.38
stone_38,EM+15,DTS,,0.9,,1.38
stone_39,EM+15,DTS,,1.0,,1.36
stone_40,EM+15,DTS,,1.1,,1.36
stone_41,EM+15,DTS,,1.2,,1.36
stone_42,EM+15,DTS,,1.3,,1.36
stone_43,EM+15,DTS,,1.4,,1.33
stone_44,EM+15,DTS,,1.5,,1.33
stone_45,EM+15,DTS,,1.6,,1.33
stone_46,EM+15,DTS,,1.7,,1.33
stone_47,EM+15,DTS,,1.8,,1.31
stone_48,EM+15,DTS,,1.9,,1.31
stone_49,EM+15,DTS,,10.0,,1.27
stone_50,EM+15,DTS,,2.0,,1.31
stone_51,EM+15,DTS,,2.1,,1.31
stone_52,EM+15,DTS,,2.2,,1.31
stone_53,EM+15,DTS,,2.3,,1.31
stone_54,EM+15,DTS,,2.4,,1.31
stone_55,EM+15,DTS,,2.5,,1.31
stone_56,EM+15,DTS,,2.6,,1.31
stone_57,EM+15,DTS,,2.7,,1.29
stone_58,EM+15,DTS,,2.8,,1.29
stone_59,EM+15,DTS,,2.9,,1.29
stone_60,EM+15,DTS,,3.0,,1.29
stone_61,EM+15,DTS,,3.1,,1.29
stone_62,EM+15,DTS,,3.2,,1.29
stone_63,EM+15,DTS,,3.3,,1.29
stone_64,EM+15,DTS,,3.4,,1.27
stone_65,EM+15,DTS,,3.5,,1.27
stone_66,EM+15,DTS,,3.6,,1.27
stone_67,EM+15,DTS,,3.7,,1.27
stone_68,EM+15,DTS,,3.8,,1.27
stone_69,EM+15,DTS,,3.9,,1.27
stone_70,EM+15,DTS,,4.0,,1.27
stone_71,EM+15,DTS,,4.1,,1.27
stone_72,EM+15,DTS,,4.2,,1.27
stone_73,EM+15,DTS,,4.3,,1.27
stone_74,EM+15,DTS,,4.4,,1.27
stone_75,EM+15,DTS,,4.5,,1.27
stone_76,EM+15,DTS,,4.6,,1.27
stone_77,EM+15,DTS,,4.7,,1.27
stone_78,EM+15,DTS,,4.8,,1.27
stone_79,EM+15,DTS,,4.9,,1.27
stone_80,EM+15,DTS,,5.0,,1.27
stone_81,EM+15,DTS,,5.1,,1.27
stone_82,EM+15,DTS,,5.2,,1.27
stone_83,EM+15,DTS,,5.3,,1.27
stone_84,EM+15,DTS,,5.4,,1.27
stone_85,EM+15,DTS,,5.5,,1.27
stone_86,EM+15,DTS,,5.6,,1.27
stone_87,EM+15,DTS,,5.7,,1.27
stone_88,EM+15,DTS,,5.75,,1.27
stone_89,EM+15,DTS,,5.8,,1.27
stone_90,EM+15,DTS,,5.9,,1.27
stone_91,EM+15,DTS,,6.0,,1.27
stone_92,EM+15,DTS,,6.1,,1.27
stone_93,EM+15,DTS,,6.5,,1.27
stone_94,EM+15,DTS,,7.0,,1.27
stone_95,EM+15,DTS,,7.5,,1.27
stone_96,EM+15,DTS,,8.0,,1.27
stone_97,EM+15,DTS,,9.0,,1.27
stone_98,EM+15,DTS,,MIX,,1.38
stone_99,EM+15,DTS,BG,,,1.38
stone_100,EM+15,DTS,CUS,,,1.38
stone_101,EM+15,DTS,HEX,,,1.38
stone_102,EM+15,DTS,MQ,,,1.38
stone_103,EM+15,DTS,OCT,,,1.38
stone_104,EM+15,DTS,OV,,,1.38
stone_105,EM+15,DTS,PR,,,1.38
stone_106,EM+15,DTS,PS,,,1.38
stone_107,EM+15,DTS,RO,,,1.38
stone_108,EM+15,DTS,RST,,,1.38
stone_109,EM+15,DTS,SQ,,,1.38
stone_110,EM+15,DTS,TP,,,1.38
stone_111,EM+15,DTS,TR,,,1.38
stone_112,EM+15,DTS,TRG,,,1.38
stone_113,EM+15,DYJ,,,,2.11
stone_114,EM+15,EAG,,,,2.11
stone_115,EM+15,EM,,,,1.645
stone_116,EM+15,FLU,,,,2.11
stone_117,EM+15,FOP,,,,2.11
stone_118,EM+15,FYTOU,,,,2.11
stone_119,EM+15,GA,,,,2.11
stone_120,EM+15,GQ,,,,2.11
stone_121,EM+15,GTOUR,,,,2.11
stone_122,EM+15,HMT,,,,2.11
stone_123,EM+15,IOL,,,,2.11
stone_124,EM+15,JAD,,,,2.11
stone_125,EM+15,JET,,,,2.11
stone_126,EM+15,JSP,,,,2.11
stone_127,EM+15,KUN,,,,2.11
stone_128,EM+15,KYA,,,,2.11
stone_129,EM+15,LAB,,,,2.11
stone_130,EM+15,LAP,,,,2.11
stone_131,EM+15,LAQ,,,,2.11
stone_132,EM+15,MAB,,,,2.0
stone_133,EM+15,MGA,,,,2.11
stone_134,EM+15,MIS,,,,2.11
stone_135,EM+15,MLK,,,,2.11
stone_136,EM+15,MOI,,,,1.38
stone_137,EM+15,MON,,,,2.11
stone_138,EM+15,MOP,,,,2.0
stone_139,EM+15,MOR,,,,2.11
stone_140,EM+15,NEP,,,,2.11
stone_141,EM+15,OBS,,,,2.11
stone_142,EM+15,OLQ,,,,2.11
stone_143,EM+15,ONY,,,,2.11
stone_144,EM+15,OP,,,,2.11
stone_145,EM+15,PAR,,,,1.76
stone_146,EM+15,PER,,,,2.11
stone_147,EM+15,POR,,,,2.64
stone_148,EM+15,PQA,,,,2.11
stone_149,EM+15,PR1,,,,2.0
stone_150,EM+15,PR2,,,,2.0
stone_151,EM+15,PREH,,,,2.11
stone_152,EM+15,PRL,,,,2.0
stone_153,EM+15,PTOUR,,,,2.11
stone_154,EM+15,QUB,,,,2.11
stone_155,EM+15,RCR,,,,2.11
stone_156,EM+15,RDC,,,,2.11
stone_157,EM+15,RDF,,,,2.11
stone_158,EM+15,RHO,,,,2.11
stone_159,EM+15,RU,,,,1.47
stone_160,EM+15,RUBE,,,,2.11
stone_161,EM+15,RUT,,,,2.11
stone_162,EM+15,SA,,,,1.47
stone_163,EM+15,SB,,,,2.11
stone_164,EM+15,SIL,,,,1.47
stone_165,EM+15,SK,,,,1.47
stone_166,EM+15,SMQ,,,,2.11
stone_167,EM+15,SPE,,,,2.11
stone_168,EM+15,SPI,,,,2.11
stone_169,EM+15,STS,,,,1.27
stone_170,EM+15,SUN,,,,2.11
stone_171,EM+15,SYN,,,,2.11
stone_172,EM+15,TAN,,,,1.47
stone_173,EM+15,THP,,,,1.46
stone_174,EM+15,TIG,,,,2.11
stone_175,EM+15,TOP,,,,2.11
stone_176,EM+15,TOU,,,,2.11
stone_177,EM+15,TSAV,,,,1.47
stone_178,EM+15,TU,,,,2.64
stone_179,EM+15,TURQ,,,,2.11
stone_180,EM+15,UV,,,,2.11
stone_181,EM+15,WD,,,,2.11
stone_182,EM+15,WQA,,,,2.11
stone_183,EM+15,WT,,,,2.11
stone_184,EM+15,ZC,,,,2.11
stone_185,EM+70,ABA,,,,2.95
stone_186,EM+70,AGA,,,,3.12
stone_187,EM+70,AK1,,,,2.95
stone_188,EM+70,AK2,,,,2.95
stone_189,EM+70,ALX,,,,3.12
stone_190,EM+70,AME,,,,3.12
stone_191,EM+70,AMZ,,,,3.12
stone_192,EM+70,AP,,,,3.12
stone_193,EM+70,AQ,,,,3.12
stone_194,EM+70,AVT,,,,3.12
stone_195,EM+70,BAG,,,,3.12
stone_196,EM+70,BDI,,,,3.12
stone_197,EM+70,BKTOU,,,,3.12
stone_198,EM+70,BON,,,,3.12
stone_199,EM+70,BRL,,,,3.12
stone_200,EM+70,BRZ,,,,3.12
stone_201,EM+70,BT,,,,3.12
stone_202,EM+70,BTOUR,,,,3.12
stone_203,EM+70,BUT,,,,2.95
stone_204,EM+70,BZ,,,,2.6
stone_205,EM+70,CAC,,,,3.12
stone_206,EM+70,CAM,,,,3.12
stone_207,EM+70,CAR,,,,3.12
stone_208,EM+70,CCT,,,,3.9
stone_209,EM+70,CHA,,,,3.12
stone_210,EM+70,CHP,,,,3.12
stone_211,EM+70,CHR,,,,3.12
stone_212,EM+70,CHRP,,,,3.12
stone_213,EM+70,CIT,,,,3.12
stone_214,EM+70,COG,,,,3.12
stone_215,EM+70,CORAL,,,,3.9
stone_216,EM+70,CRY,,,,3.12
stone_217,EM+70,CUB,,,,3.12
stone_218,EM+70,DIO,,,,3.12
stone_219,EM+70,DRE,,,,3.12
stone_220,EM+70,DTS,,0.6,,2.07
stone_221,EM+70,DTS,,0.7,,2.07
stone_222,EM+70,DTS,,0.8,,2.04
stone_223,EM+70,DTS,,0.9,,2.04
stone_224,EM+70,DTS,,1.0,,2.01
stone_225,EM+70,DTS,,1.1,,2.01
stone_226,EM+70,DTS,,1.2,,2.01
stone_227,EM+70,DTS,,1.3,,2.01
stone_228,EM+70,DTS,,1.4,,1.97
stone_229,EM+70,DTS,,1.5,,1.97
stone_230,EM+70,DTS,,1.6,,1.97
stone_231,EM+70,DTS,,1.7,,1.97
stone_232,EM+70,DTS,,1.8,,1.94
stone_233,EM+70,DTS,,1.9,,1.94
stone_234,EM+70,DTS,,10.0,,1.87
stone_235,EM+70,DTS,,2.0,,1.94
stone_236,EM+70,DTS,,2.1,,1.94
stone_237,EM+70,DTS,,2.2,,1.94
stone_238,EM+70,DTS,,2.3,,1.94
stone_239,EM+70,DTS,,2.4,,1.94
stone_240,EM+70,DTS,,2.5,,1.94
stone_241,EM+70,DTS,,2.6,,1.94
stone_242,EM+70,DTS,,2.7,,1.9
stone_243,EM+70,DTS,,2.8,,1.9
stone_244,EM+70,DTS,,2.9,,1.9
stone_245,EM+70,DTS,,3.0,,1.9
stone_246,EM+70,DTS,,3.1,,1.9
stone_247,EM+70,DTS,,3.2,,1.9
stone_248,EM+70,DTS,,3.3,,1.9
stone_249,EM+70,DTS,,3.4,,1.87
stone_250,EM+70,DTS,,3.5,,1.87
stone_251,EM+70,DTS,,3.6,,1.87
stone_252,EM+70,DTS,,3.7,,1.87
stone_253,EM+70,DTS,,3.8,,1.87
stone_254,EM+70,DTS,,3.9,,1.87
stone_255,EM+70,DTS,,4.0,,1.87
stone_256,EM+70,DTS,,4.1,,1.87
stone_257,EM+70,DTS,,4.2,,1.87
stone_258,EM+70,DTS,,4.3,,1.87
stone_259,EM+70,DTS,,4.4,,1.87
stone_260,EM+70,DTS,,4.5,,1.87
stone_261,EM+70,DTS,,4.6,,1.87
stone_262,EM+70,DTS,,4.7,,1.87
stone_263,EM+70,DTS,,4.8,,1.87
stone_264,EM+70,DTS,,4.9,,1.87
stone_265,EM+70,DTS,,5.0,,1.87
stone_266,EM+70,DTS,,5.1,,1.87
stone_267,EM+70,DTS,,5.2,,1.87
stone_268,EM+70,DTS,,5.3,,1.87
stone_269,EM+70,DTS,,5.4,,1.87
stone_270,EM+70,DTS,,5.5,,1.87
stone_271,EM+70,DTS,,5.7,,1.87
stone_272,EM+70,DTS,,5.75,,1.87
stone_273,EM+70,DTS,,5.8,,1.87
stone_274,EM+70,DTS,,5.9,,1.87
stone_275,EM+70,DTS,,6.0,,1.87
stone_276,EM+70,DTS,,6.1,,1.87
stone_277,EM+70,DTS,,6.5,,1.87
stone_278,EM+70,DTS,,7.0,,1.87
stone_279,EM+70,DTS,,7.5,,1.87
stone_280,EM+70,DTS,,8.0,,1.87
stone_281,EM+70,DTS,,9.0,,1.87
stone_282,EM+70,DTS,,MIX,,2.04
stone_283,EM+70,DTS,BG,,,2.04
stone_284,EM+70,DTS,CUS,,,2.04
stone_285,EM+70,DTS,HEX,,,2.04
stone_286,EM+70,DTS,MQ,,,2.04
stone_287,EM+70,DTS,OCT,,,2.04
stone_288,EM+70,DTS,OV,,,2.04
stone_289,EM+70,DTS,PR,,,2.04
stone_290,EM+70,DTS,PS,,,2.04
stone_291,EM+70,DTS,RO,,,2.04
stone_292,EM+70,DTS,RST,,,2.04
stone_293,EM+70,DTS,SQ,,,2.04
stone_294,EM+70,DTS,TP,,,2.04
stone_295,EM+70,DTS,TR,,,2.04
stone_296,EM+70,DTS,TRG,,,2.04
stone_297,EM+70,DYJ,,,,3.12
stone_298,EM+70,EAG,,,,3.12
stone_299,EM+70,EM,,,,2.95
stone_300,EM+70,FLU,,,,3.12
stone_301,EM+70,FOP,,,,3.12
stone_302,EM+70,FYTOU,,,,3.12
stone_303,EM+70,GA,,,,3.12
stone_304,EM+70,GQ,,,,3.12
stone_305,EM+70,GTOUR,,,,3.12
stone_306,EM+70,HMT,,,,3.12
stone_307,EM+70,IOL,,,,3.12
stone_308,EM+70,JAD,,,,3.12
stone_309,EM+70,JET,,,,3.12
stone_310,EM+70,JSP,,,,3.12
stone_311,EM+70,KUN,,,,3.12
stone_312,EM+70,KYA,,,,3.12
stone_313,EM+70,LAB,,,,3.12
stone_314,EM+70,LAP,,,,3.12
stone_315,EM+70,LAQ,,,,3.12
stone_316,EM+70,MAB,,,,2.95
stone_317,EM+70,MGA,,,,3.12
stone_318,EM+70,MIS,,,,3.12
stone_319,EM+70,MLK,,,,3.12
stone_320,EM+70,MOI,,,,2.04
stone_321,EM+70,MON,,,,3.12
stone_322,EM+70,MOP,,,,3.12
stone_323,EM+70,MOR,,,,3.12
stone_324,EM+70,NEP,,,,3.12
stone_325,EM+70,OBS,,,,3.12
stone_326,EM+70,OLQ,,,,3.12
stone_327,EM+70,ONY,,,,3.12
stone_328,EM+70,OP,,,,3.12
stone_329,EM+70,PAR,,,,2.6
stone_330,EM+70,PER,,,,3.12
stone_331,EM+70,POR,,,,3.9
stone_332,EM+70,PQA,,,,3.12
stone_333,EM+70,PR1,,,,2.95
stone_334,EM+70,PR2,,,,2.95
stone_335,EM+70,PREH,,,,3.12
stone_336,EM+70,PRL,,,,2.95
stone_337,EM+70,PTOUR,,,,3.12
stone_338,EM+70,QUB,,,,3.12
stone_339,EM+70,RCR,,,,3.12
stone_340,EM+70,RDF,,,,3.12
stone_341,EM+70,RHO,,,,3.12
stone_342,EM+70,RU,,,,2.17
stone_343,EM+70,RUBE,,,,3.12
stone_344,EM+70,RUT,,,,3.12
stone_345,EM+70,SA,,,,2.17
stone_346,EM+70,SB,,,,3.12
stone_347,EM+70,SIL,,,,2.17
stone_348,EM+70,SK,,,,2.17
stone_349,EM+70,SMQ,,,,3.12
stone_350,EM+70,SPE,,,,3.12
stone_351,EM+70,SPI,,,,3.12
stone_352,EM+70,STS,,,,1.87
stone_353,EM+70,SUN,,,,3.12
stone_354,EM+70,SYN,,,,3.12
stone_355,EM+70,TAN,,,,2.17
stone_356,EM+70,THP,,,,2.16
stone_357,EM+70,TIG,,,,3.12
stone_358,EM+70,TOP,,,,3.12
stone_359,EM+70,TOU,,,,3.12
stone_360,EM+70,TSAV,,,,2.17
stone_361,EM+70,TU,,,,3.9
stone_362,EM+70,TURQ,,,,3.12
stone_363,EM+70,UV,,,,3.12
stone_364,EM+70,WD,,,,3.12
stone_365,EM+70,WQA,,,,3.12
stone_366,EM+70,WT,,,,3.12
stone_367,EM+70,ZC,,,,3.12
stone_368,EM+77,ABA,,,,3.07
stone_369,EM+77,AGA,,,,3.25
stone_370,EM+77,AK1,,,,3.25
stone_371,EM+77,AK2,,,,3.25
stone_372,EM+77,ALX,,,,3.25
stone_373,EM+77,AME,,,,3.25
stone_374,EM+77,AMZ,,,,3.25
stone_375,EM+77,AP,,,,3.25
stone_376,EM+77,AQ,,,,3.25
stone_377,EM+77,AVT,,,,3.25
stone_378,EM+77,BAG,,,,3.25
stone_379,EM+77,BDI,,,,3.25
stone_380,EM+77,BKTOU,,,,3.25
stone_381,EM+77,BON,,,,3.25
stone_382,EM+77,BRL,,,,3.25
stone_383,EM+77,BRZ,,,,3.25
stone_384,EM+77,BT,,,,3.25
stone_385,EM+77,BTOUR,,,,3.25
stone_386,EM+77,BUT,,,,3.07
stone_387,EM+77,BZ,,,,2.71
stone_388,EM+77,CAC,,,,3.25
stone_389,EM+77,CAM,,,,3.25
stone_390,EM+77,CAR,,,,3.25
stone_391,EM+77,CCT,,,,4.08
stone_392,EM+77,CHA,,,,3.25
stone_393,EM+77,CHP,,,,3.25
stone_394,EM+77,CHR,,,,3.25
stone_395,EM+77,CHRP,,,,3.25
stone_396,EM+77,CIT,,,,3.25
stone_397,EM+77,COG,,,,3.25
stone_398,EM+77,CORAL,,,,4.08
stone_399,EM+77,CRY,,,,3.25
stone_400,EM+77,CUB,,,,3.25
stone_401,EM+77,DIO,,,,3.25
stone_402,EM+77,DRE,,,,3.25
stone_403,EM+77,DTS,,0.6,,2.16
stone_404,EM+77,DTS,,0.7,,2.16
stone_405,EM+77,DTS,,0.8,,2.12
stone_406,EM+77,DTS,,0.9,,2.12
stone_407,EM+77,DTS,,1.0,,2.09
stone_408,EM+77,DTS,,1.1,,2.09
stone_409,EM+77,DTS,,1.2,,2.09
stone_410,EM+77,DTS,,1.3,,2.09
stone_411,EM+77,DTS,,1.4,,2.08
stone_412,EM+77,DTS,,1.5,,2.05
stone_413,EM+77,DTS,,1.6,,2.05
stone_414,EM+77,DTS,,1.7,,2.05
stone_415,EM+77,DTS,,1.8,,2.02
stone_416,EM+77,DTS,,1.9,,2.02
stone_417,EM+77,DTS,,10.0,,1.95
stone_418,EM+77,DTS,,2.0,,2.02
stone_419,EM+77,DTS,,2.1,,2.02
stone_420,EM+77,DTS,,2.2,,2.02
stone_421,EM+77,DTS,,2.3,,2.02
stone_422,EM+77,DTS,,2.4,,2.02
stone_423,EM+77,DTS,,2.5,,2.02
stone_424,EM+77,DTS,,2.6,,2.02
stone_425,EM+77,DTS,,2.7,,1.98
stone_426,EM+77,DTS,,2.8,,1.98
stone_427,EM+77,DTS,,2.9,,1.98
stone_428,EM+77,DTS,,3.0,,1.98
stone_429,EM+77,DTS,,3.1,,1.98
stone_430,EM+77,DTS,,3.2,,1.98
stone_431,EM+77,DTS,,3.3,,1.98
stone_432,EM+77,DTS,,3.4,,1.95
stone_433,EM+77,DTS,,3.5,,1.95
stone_434,EM+77,DTS,,3.6,,1.95
stone_435,EM+77,DTS,,3.7,,1.95
stone_436,EM+77,DTS,,3.8,,1.95
stone_437,EM+77,DTS,,3.9,,1.95
stone_438,EM+77,DTS,,4.0,,1.95
stone_439,EM+77,DTS,,4.1,,1.95
stone_440,EM+77,DTS,,4.2,,1.95
stone_441,EM+77,DTS,,4.3,,1.95
stone_442,EM+77,DTS,,4.4,,1.95
stone_443,EM+77,DTS,,4.5,,1.95
stone_444,EM+77,DTS,,4.6,,1.95
stone_445,EM+77,DTS,,4.7,,1.95
stone_446,EM+77,DTS,,4.8,,1.95
stone_447,EM+77,DTS,,4.9,,1.95
stone_448,EM+77,DTS,,5.0,,1.95
stone_449,EM+77,DTS,,5.1,,1.95
stone_450,EM+77,DTS,,5.2,,1.95
stone_451,EM+77,DTS,,5.3,,1.95
stone_452,EM+77,DTS,,5.4,,1.95
stone_453,EM+77,DTS,,5.5,,1.95
stone_454,EM+77,DTS,,5.6,,1.95
stone_455,EM+77,DTS,,5.7,,1.95
stone_456,EM+77,DTS,,5.75,,1.95
stone_457,EM+77,DTS,,5.8,,1.95
stone_458,EM+77,DTS,,5.9,,1.95
stone_459,EM+77,DTS,,6.0,,1.95
stone_460,EM+77,DTS,,6.1,,1.95
stone_461,EM+77,DTS,,6.5,,1.95
stone_462,EM+77,DTS,,7.0,,1.95
stone_463,EM+77,DTS,,7.5,,1.95
stone_464,EM+77,DTS,,9.0,,1.95
stone_465,EM+77,DTS,,MIX,,2.12
stone_466,EM+77,DTS,BG,,,2.12
stone_467,EM+77,DTS,CUS,,,2.12
stone_468,EM+77,DTS,HEX,,,2.12
stone_469,EM+77,DTS,MQ,,,2.12
stone_470,EM+77,DTS,OCBRI,,,2.12
stone_471,EM+77,DTS,OV,,,2.12
stone_472,EM+77,DTS,PR,,,2.12
stone_473,EM+77,DTS,PS,,,2.12
stone_474,EM+77,DTS,RO,,,2.12
stone_475,EM+77,DTS,RST,,,2.12
stone_476,EM+77,DTS,SQ,,,2.12
stone_477,EM+77,DTS,TP,,,2.12
stone_478,EM+77,DTS,TR,,,2.12
stone_479,EM+77,DTS,TRG,,,2.12
stone_480,EM+77,DYJ,,,,3.25
stone_481,EM+77,EAG,,,,3.25
stone_482,EM+77,EM,,,,3.15
stone_483,EM+77,FLU,,,,3.25
stone_484,EM+77,FOP,,,,3.25
stone_485,EM+77,FYTOU,,,,3.25
stone_486,EM+77,GA,,,,3.25
stone_487,EM+77,GQ,,,,3.25
stone_488,EM+77,GTOUR,,,,3.25
stone_489,EM+77,HMT,,,,3.25
stone_490,EM+77,IOL,,,,3.25
stone_491,EM+77,JAD,,,,3.25
stone_492,EM+77,JET,,,,3.25
stone_493,EM+77,JSP,,,,3.25
stone_494,EM+77,KUN,,,,3.25
stone_495,EM+77,KYA,,,,3.25
stone_496,EM+77,LAB,,,,3.25
stone_497,EM+77,LAP,,,,3.25
stone_498,EM+77,LAQ,,,,3.25
stone_499,EM+77,MAB,,,,3.07
stone_500,EM+77,MGA,,,,3.25
stone_501,EM+77,MIS,,,,3.25
stone_502,EM+77,MLK,,,,3.25
stone_503,EM+77,MOI,,,,2.12
stone_504,EM+77,MON,,,,3.25
stone_505,EM+77,MOP,,,,3.07
stone_506,EM+77,MOR,,,,3.25
stone_507,EM+77,NEP,,,,3.25
stone_508,EM+77,OBS,,,,3.25
stone_509,EM+77,OLQ,,,,3.25
stone_510,EM+77,ONY,,,,3.25
stone_511,EM+77,OP,,,,3.25
stone_512,EM+77,PAR,,,,2.7
stone_513,EM+77,PER,,,,3.25
stone_514,EM+77,POR,,,,4.08
stone_515,EM+77,PQA,,,,3.25
stone_516,EM+77,PR1,,,,3.07
stone_517,EM+77,PR2,,,,3.07
stone_518,EM+77,PREH,,,,3.25
stone_519,EM+77,PRL,,,,3.07
stone_520,EM+77,PTOUR,,,,3.25
stone_521,EM+77,QUB,,,,3.25
stone_522,EM+77,RCR,,,,3.25
stone_523,EM+77,RDF,,,,3.25
stone_524,EM+77,RHO,,,,3.25
stone_525,EM+77,RU,,,,2.255
stone_526,EM+77,RUBE,,,,3.25
stone_527,EM+77,RUT,,,,3.25
stone_528,EM+77,SA,,,,2.255
stone_529,EM+77,SB,,,,3.25
stone_530,EM+77,SIL,,,,2.255
stone_531,EM+77,SK,,,,2.255
stone_532,EM+77,SMQ,,,,3.25
stone_533,EM+77,SPE,,,,3.25
stone_534,EM+77,SPI,,,,3.25
stone_535,EM+77,STS,,,,1.95
stone_536,EM+77,SUN,,,,3.25
stone_537,EM+77,SYN,,,,3.25
stone_538,EM+77,TAN,,,,2.255
stone_539,EM+77,THP,,,,2.24
stone_540,EM+77,TIG,,,,3.25
stone_541,EM+77,TOP,,,,3.25
stone_542,EM+77,TOU,,,,3.25
stone_543,EM+77,TSAV,,,,2.255
stone_544,EM+77,TU,,,,4.08
stone_545,EM+77,TURQ,,,,3.25
stone_546,EM+77,UV,,,,3.25
stone_547,EM+77,WD,,,,3.25
stone_548,EM+77,WQA,,,,3.25
stone_549,EM+77,WT,,,,3.25
stone_550,EM+77,ZC,,,,3.25
stone_551,EM+90,ABA,,,,3.29
stone_552,EM+90,AGA,,,,3.49
stone_553,EM+90,AK1,,,,3.29
stone_554,EM+90,AK2,,,,3.29
stone_555,EM+90,ALX,,,,3.49
stone_556,EM+90,AME,,,,3.49
stone_557,EM+90,AMZ,,,,3.49
stone_558,EM+90,AP,,,,3.49
stone_559,EM+90,AQ,,,,3.49
stone_560,EM+90,AVT,,,,3.49
stone_561,EM+90,BAG,,,,3.49
stone_562,EM+90,BDI,,,,3.49
stone_563,EM+90,BKTOU,,,,3.49
stone_564,EM+90,BON,,,,3.49
stone_565,EM+90,BRL,,,,3.49
stone_566,EM+90,BRZ,,,,3.49
stone_567,EM+90,BT,,,,3.49
stone_568,EM+90,BTOUR,,,,3.49
stone_569,EM+90,BUT,,,,3.29
stone_570,EM+90,BZ,,,,2.91
stone_571,EM+90,CAC,,,,3.49
stone_572,EM+90,CAM,,,,3.49
stone_573,EM+90,CAR,,,,3.49
stone_574,EM+90,CCT,,,,4.36
stone_575,EM+90,CHP,,,,3.49
stone_576,EM+90,CHR,,,,3.49
stone_577,EM+90,CHRP,,,,3.49
stone_578,EM+90,CIT,,,,3.49
stone_579,EM+90,COG,,,,3.49
stone_580,EM+90,CORAL,,,,4.36
stone_581,EM+90,CRY,,,,3.49
stone_582,EM+90,CUB,,,,3.49
stone_583,EM+90,DIO,,,,3.49
stone_584,EM+90,DRE,,,,3.49
stone_585,EM+90,DTS,,0.6,,2.32
stone_586,EM+90,DTS,,0.7,,2.32
stone_587,EM+90,DTS,,0.8,,2.28
stone_588,EM+90,DTS,,0.9,,2.28
stone_589,EM+90,DTS,,1.0,,2.24
stone_590,EM+90,DTS,,1.1,,2.24
stone_591,EM+90,DTS,,1.2,,2.24
stone_592,EM+90,DTS,,1.3,,2.24
stone_593,EM+90,DTS,,1.4,,2.2
stone_594,EM+90,DTS,,1.5,,2.2
stone_595,EM+90,DTS,,1.6,,2.2
stone_596,EM+90,DTS,,1.7,,2.2
stone_597,EM+90,DTS,,1.8,,2.17
stone_598,EM+90,DTS,,1.9,,2.17
stone_599,EM+90,DTS,,10.0,,2.09
stone_600,EM+90,DTS,,2.0,,2.17
stone_601,EM+90,DTS,,2.1,,2.17
stone_602,EM+90,DTS,,2.2,,2.17
stone_603,EM+90,DTS,,2.3,,2.17
stone_604,EM+90,DTS,,2.4,,2.17
stone_605,EM+90,DTS,,2.5,,2.17
stone_606,EM+90,DTS,,2.6,,2.17
stone_607,EM+90,DTS,,2.7,,2.13
stone_608,EM+90,DTS,,2.8,,2.13
stone_609,EM+90,DTS,,2.9,,2.13
stone_610,EM+90,DTS,,3.0,,2.13
stone_611,EM+90,DTS,,3.1,,2.13
stone_612,EM+90,DTS,,3.2,,2.13
stone_613,EM+90,DTS,,3.3,,2.13
stone_614,EM+90,DTS,,3.4,,2.09
stone_615,EM+90,DTS,,3.5,,2.09
stone_616,EM+90,DTS,,3.6,,2.09
stone_617,EM+90,DTS,,3.7,,2.09
stone_618,EM+90,DTS,,3.8,,2.09
stone_619,EM+90,DTS,,3.9,,2.09
stone_620,EM+90,DTS,,4.0,,2.09
stone_621,EM+90,DTS,,4.1,,2.09
stone_622,EM+90,DTS,,4.2,,2.09
stone_623,EM+90,DTS,,4.3,,2.09
stone_624,EM+90,DTS,,4.4,,2.09
stone_625,EM+90,DTS,,4.5,,2.09
stone_626,EM+90,DTS,,4.6,,2.09
stone_627,EM+90,DTS,,4.7,,2.09
stone_628,EM+90,DTS,,4.8,,2.09
stone_629,EM+90,DTS,,4.9,,2.09
stone_630,EM+90,DTS,,5.0,,2.09
stone_631,EM+90,DTS,,5.1,,2.09
stone_632,EM+90,DTS,,5.2,,2.09
stone_633,EM+90,DTS,,5.3,,2.09
stone_634,EM+90,DTS,,5.4,,2.09
stone_635,EM+90,DTS,,5.5,,2.09
stone_636,EM+90,DTS,,5.6,,2.09
stone_637,EM+90,DTS,,5.7,,2.09
stone_638,EM+90,DTS,,5.75,,2.09
stone_639,EM+90,DTS,,5.8,,2.09
stone_640,EM+90,DTS,,5.9,,2.09
stone_641,EM+90,DTS,,6.0,,2.09
stone_642,EM+90,DTS,,6.1,,2.09
stone_643,EM+90,DTS,,6.5,,2.09
stone_644,EM+90,DTS,,7.0,,2.09
stone_645,EM+90,DTS,,7.5,,2.09
stone_646,EM+90,DTS,,8.0,,2.09
stone_647,EM+90,DTS,,9.0,,2.09
stone_648,EM+90,DTS,BG,,,2.28
stone_649,EM+90,DTS,CUS,,,2.28
stone_650,EM+90,DTS,HEX,,,2.28
stone_651,EM+90,DTS,MIX,,,2.28
stone_652,EM+90,DTS,MQ,,,2.28
stone_653,EM+90,DTS,OCT,,,2.28
stone_654,EM+90,DTS,OV,,,2.28
stone_655,EM+90,DTS,PR,,,2.28
stone_656,EM+90,DTS,PS,,,2.28
stone_657,EM+90,DTS,RO,,,2.28
stone_658,EM+90,DTS,RST,,,2.28
stone_659,EM+90,DTS,SQ,,,2.28
stone_660,EM+90,DTS,TP,,,2.28
stone_661,EM+90,DTS,TR,,,2.28
stone_662,EM+90,DTS,TRG,,,2.28
stone_663,EM+90,DYJ,,,,3.49
stone_664,EM+90,EAG,,,,3.49
stone_665,EM+90,EM,,,,3.49
stone_666,EM+90,FLU,,,,3.49
stone_667,EM+90,FOP,,,,3.49
stone_668,EM+90,FYTOU,,,,3.49
stone_669,EM+90,GA,,,,3.49
stone_670,EM+90,GQ,,,,3.49
stone_671,EM+90,GTOUR,,,,3.49
stone_672,EM+90,HMT,,,,3.49
stone_673,EM+90,IOL,,,,3.49
stone_674,EM+90,JAD,,,,3.49
stone_675,EM+90,JET,,,,3.49
stone_676,EM+90,JSP,,,,3.49
stone_677,EM+90,KUN,,,,3.49
stone_678,EM+90,KYA,,,,3.49
stone_679,EM+90,LAB,,,,3.49
stone_680,EM+90,LAP,,,,3.49
stone_681,EM+90,LAQ,,,,3.49
stone_682,EM+90,MAB,,,,3.29
stone_683,EM+90,MGA,,,,3.49
stone_684,EM+90,MIS,,,,3.49
stone_685,EM+90,MLK,,,,3.49
stone_686,EM+90,MOI,,,,2.28
stone_687,EM+90,MON,,,,3.49
stone_688,EM+90,MOP,,,,3.49
stone_689,EM+90,MOR,,,,3.49
stone_690,EM+90,NEP,,,,3.49
stone_691,EM+90,OBS,,,,3.49
stone_692,EM+90,OLQ,,,,3.49
stone_693,EM+90,ONY,,,,3.49
stone_694,EM+90,OP,,,,3.49
stone_695,EM+90,PAR,,,,2.9
stone_696,EM+90,PER,,,,3.49
stone_697,EM+90,POR,,,,4.36
stone_698,EM+90,PQA,,,,3.49
stone_699,EM+90,PR1,,,,3.29
stone_700,EM+90,PR2,,,,3.29
stone_701,EM+90,PREH,,,,3.49
stone_702,EM+90,PRL,,,,3.29
stone_703,EM+90,PTOUR,,,,3.49
stone_704,EM+90,QUB,,,,3.49
stone_705,EM+90,RCR,,,,3.49
stone_706,EM+90,RDC,,,,3.49
stone_707,EM+90,RDF,,,,3.49
stone_708,EM+90,RHO,,,,3.49
stone_709,EM+90,RU,,,,2.42
stone_710,EM+90,RUBE,,,,3.49
stone_711,EM+90,RUT,,,,3.49
stone_712,EM+90,SA,,,,2.42
stone_713,EM+90,SB,,,,3.49
stone_714,EM+90,SIL,,,,2.42
stone_715,EM+90,SK,,,,2.42
stone_716,EM+90,SMQ,,,,3.49
stone_717,EM+90,SPE,,,,3.49
stone_718,EM+90,SPI,,,,3.49
stone_719,EM+90,STS,,,,2.09
stone_720,EM+90,SUN,,,,3.49
stone_721,EM+90,SYN,,,,3.49
stone_722,EM+90,TAN,,,,2.42
stone_723,EM+90,THP,,,,2.42
stone_724,EM+90,TIG,,,,3.49
stone_725,EM+90,TOP,,,,3.49
stone_726,EM+90,TOU,,,,3.49
stone_727,EM+90,TSAV,,,,2.42
stone_728,EM+90,TU,,,,4.36
stone_729,EM+90,TURQ,,,,3.49
stone_730,EM+90,UV,,,,3.49
stone_731,EM+90,WD,,,,3.49
stone_732,EM+90,WQA,,,,3.49
stone_733,EM+90,WT,,,,3.49
stone_734,EM+90,ZC,,,,2.91
stone_735,EM+90,ABA,,,,3.29
stone_736,EM+90,AGA,,,,3.49
stone_737,EM+90,AMZ,,,,3.49
stone_738,EM+90,AVT,,,,3.49
stone_739,EM+90,BAG,,,,3.49
stone_740,EM+90,BDI,,,,3.49
stone_741,EM+90,BON,,,,3.49
stone_742,EM+90,BRZ,,,,3.49
stone_743,EM+90,CAC,,,,3.49
stone_744,EM+90,CAM,,,,3.49
stone_745,EM+90,CAR,,,,3.49
stone_746,EM+90,CCT,,,,4.36
stone_747,EM+90,CHA,,,,3.49
stone_748,EM+90,CORAL,,,,4.36
stone_749,EM+90,CRY,,,,3.49
stone_750,EM+90,DIO,,,,3.49
stone_751,EM+90,DRE,,,,3.49
stone_752,EM+90,DYJ,,,,3.49
stone_753,EM+90,EAG,,,,3.49
stone_754,EM+90,HMT,,,,3.49
stone_755,EM+90,JAD,,,,3.49
stone_756,EM+90,JET,,,,3.49
stone_757,EM+90,LAB,,,,3.49
stone_758,EM+90,LAP,,,,3.49
stone_759,EM+90,MLK,,,,3.49
stone_760,EM+90,MON,,,,3.49
stone_761,EM+90,MOP,,,,3.49
stone_762,EM+90,NEP,,,,3.49
stone_763,EM+90,ONY,,,,3.49
stone_764,EM+90,PREH,,,,3.49
stone_765,EM+90,RCR,,,,3.49
stone_766,EM+90,RDC,,,,3.49
stone_767,EM+90,SB,,,,3.49
stone_768,EM+90,SIL,,,,2.42
stone_769,EM+90,STS,,,,2.09
stone_770,EM+90,SUN,,,,3.49
stone_771,EM+90,TIG,,,,3.49
stone_772,EM+90,TU,,,,3.49
stone_773,EM+90,TURQ,,,,3.49
stone_774,EM+90,WD,,,,3.49
stone_775,EM+90,WQA,,,,3.49
stone_776,EMA,ABA,,,,1.734
stone_777,EMA,AGA,,,,1.836
stone_778,EMA,AK1,,,,1.734
stone_779,EMA,AK2,,,,1.734
stone_780,EMA,ALX,,,,1.836
stone_781,EMA,AME,,,,1.836
stone_782,EMA,AMZ,,,,1.836
stone_783,EMA,AP,,,,1.836
stone_784,EMA,AQ,,,,1.836
stone_785,EMA,AVT,,,,1.836
stone_786,EMA,BAG,,,,1.836
stone_787,EMA,BDI,,,,1.836
stone_788,EMA,BKTOU,,,,1.836
stone_789,EMA,BON,,,,1.836
stone_790,EMA,BRL,,,,1.836
stone_791,EMA,BRZ,,,,1.836
stone_792,EMA,BT,,,,1.836
stone_793,EMA,BTOUR,,,,1.836
stone_794,EMA,BUT,,,,1.734
stone_795,EMA,BZ,,,,1.53
stone_796,EMA,CAC,,,,1.836
stone_797,EMA,CAM,,,,1.836
stone_798,EMA,CAR,,,,1.836
stone_799,EMA,CCT,,,,2.295
stone_800,EMA,CER,,,,1.836
stone_801,EMA,CHA,,,,1.836
stone_802,EMA,CHP,,,,1.836
stone_803,EMA,CHR,,,,1.836
stone_804,EMA,CHRP,,,,1.836
stone_805,EMA,CIT,,,,1.836
stone_806,EMA,COG,,,,1.836
stone_807,EMA,CORAL,,,,2.295
stone_808,EMA,CRY,,,,1.836
stone_809,EMA,CUB,,,,1.836
stone_810,EMA,DIO,,,,1.836
stone_811,EMA,DRE,,,,1.836
stone_812,EMA,DTS,,0.6,,1.22
stone_813,EMA,DTS,,0.7,,1.22
stone_814,EMA,DTS,,0.8,,1.2
stone_815,EMA,DTS,,0.9,,1.2
stone_816,EMA,DTS,,1.0,,1.18
stone_817,EMA,DTS,,1.1,,1.18
stone_818,EMA,DTS,,1.2,,1.18
stone_819,EMA,DTS,,1.3,,1.18
stone_820,EMA,DTS,,1.4,,1.16
stone_821,EMA,DTS,,1.5,,1.16
stone_822,EMA,DTS,,1.6,,1.16
stone_823,EMA,DTS,,1.7,,1.16
stone_824,EMA,DTS,,1.8,,1.14
stone_825,EMA,DTS,,1.9,,1.14
stone_826,EMA,DTS,,10.0,,1.1
stone_827,EMA,DTS,,2.0,,1.14
stone_828,EMA,DTS,,2.1,,1.14
stone_829,EMA,DTS,,2.2,,1.14
stone_830,EMA,DTS,,2.3,,1.14
stone_831,EMA,DTS,,2.4,,1.14
stone_832,EMA,DTS,,2.5,,1.14
stone_833,EMA,DTS,,2.6,,1.14
stone_834,EMA,DTS,,2.7,,1.12
stone_835,EMA,DTS,,2.8,,1.12
stone_836,EMA,DTS,,2.9,,1.12
stone_837,EMA,DTS,,3.0,,1.12
stone_838,EMA,DTS,,3.1,,1.12
stone_839,EMA,DTS,,3.2,,1.12
stone_840,EMA,DTS,,3.3,,1.12
stone_841,EMA,DTS,,3.4,,1.1
stone_842,EMA,DTS,,3.5,,1.1
stone_843,EMA,DTS,,3.6,,1.1
stone_844,EMA,DTS,,3.7,,1.1
stone_845,EMA,DTS,,3.8,,1.1
stone_846,EMA,DTS,,3.9,,1.1
stone_847,EMA,DTS,,4.0,,1.1
stone_848,EMA,DTS,,4.1,,1.1
stone_849,EMA,DTS,,4.2,,1.1
stone_850,EMA,DTS,,4.3,,1.1
stone_851,EMA,DTS,,4.4,,1.1
stone_852,EMA,DTS,,4.5,,1.1
stone_853,EMA,DTS,,4.6,,1.1
stone_854,EMA,DTS,,4.7,,1.1
stone_855,EMA,DTS,,4.8,,1.1
stone_856,EMA,DTS,,4.9,,1.1
stone_857,EMA,DTS,,5.0,,1.1
stone_858,EMA,DTS,,5.1,,1.1
stone_859,EMA,DTS,,5.2,,1.1
stone_860,EMA,DTS,,5.3,,1.1
stone_861,EMA,DTS,,5.4,,1.1
stone_862,EMA,DTS,,5.5,,1.1
stone_863,EMA,DTS,,5.6,,1.1
stone_864,EMA,DTS,,5.7,,1.1
stone_865,EMA,DTS,,5.75,,1.1
stone_866,EMA,DTS,,5.8,,1.1
stone_867,EMA,DTS,,5.9,,1.1
stone_868,EMA,DTS,,6.0,,1.1
stone_869,EMA,DTS,,6.1,,1.1
stone_870,EMA,DTS,,6.5,,1.1
stone_871,EMA,DTS,,7.0,,1.1
stone_872,EMA,DTS,,7.5,,1.1
stone_873,EMA,DTS,,8.0,,1.1
stone_874,EMA,DTS,,9.0,,1.1
stone_875,EMA,DTS,,MIX,,1.2
stone_876,EMA,DTS,BG,,,1.2
stone_877,EMA,DTS,CUS,,,1.2
stone_878,EMA,DTS,HEX,,,1.2
stone_879,EMA,DTS,MQ,,,1.2
stone_880,EMA,DTS,OCT,,,1.2
stone_881,EMA,DTS,OV,,,1.2
stone_882,EMA,DTS,PR,,,1.2
stone_883,EMA,DTS,PS,,,1.2
stone_884,EMA,DTS,RORD,,,1.2
stone_885,EMA,DTS,RST,,,1.2
stone_886,EMA,DTS,SQ,,,1.2
stone_887,EMA,DTS,TP,,,1.2
stone_888,EMA,DTS,TR,,,1.2
stone_889,EMA,DTS,TRG,,,1.2
stone_890,EMA,DYJ,,,,1.836
stone_891,EMA,EAG,,,,1.836
stone_892,EMA,EM,,,,1.35
stone_893,EMA,FLU,,,,1.836
stone_894,EMA,FOP,,,,1.836
stone_895,EMA,FYTOU,,,,1.836
stone_896,EMA,GA,,,,1.836
stone_897,EMA,GQ,,,,1.836
stone_898,EMA,GTOUR,,,,1.836
stone_899,EMA,HMT,,,,1.836
stone_900,EMA,IOL,,,,1.836
stone_901,EMA,JAD,,,,1.836
stone_902,EMA,JET,,,,1.836
stone_903,EMA,JSP,,,,1.836
stone_904,EMA,KUN,,,,1.836
stone_905,EMA,KYA,,,,1.836
stone_906,EMA,LAB,,,,1.836
stone_907,EMA,LAP,,,,1.836
stone_908,EMA,LAQ,,,,1.836
stone_909,EMA,MAB,,,,1.734
stone_910,EMA,MGA,,,,1.836
stone_911,EMA,MIS,,,,1.836
stone_912,EMA,MLK,,,,1.836
stone_913,EMA,MOI,,,,1.2
stone_914,EMA,MON,,,,1.836
stone_915,EMA,MOP,,,,1.836
stone_916,EMA,MOR,,,,1.836
stone_917,EMA,NEP,,,,1.836
stone_918,EMA,OBS,,,,1.836
stone_919,EMA,OLQ,,,,1.836
stone_920,EMA,ONY,,,,1.836
stone_921,EMA,OP,,,,1.836
stone_922,EMA,PAR,,,,1.836
stone_923,EMA,PER,,,,1.836
stone_924,EMA,POR,,,,2.295
stone_925,EMA,PQA,,,,1.836
stone_926,EMA,PR1,,,,1.734
stone_927,EMA,PR2,,,,1.734
stone_928,EMA,PREH,,,,1.836
stone_929,EMA,PRL,,,,1.734
stone_930,EMA,PTOUR,,,,1.836
stone_931,EMA,QUB,,,,1.836
stone_932,EMA,RCR,,,,1.836
stone_933,EMA,RDC,,,,1.836
stone_934,EMA,RDF,,,,1.836
stone_935,EMA,RHO,,,,1.836
stone_936,EMA,RU,,,,1.275
stone_937,EMA,RUBE,,,,1.836
stone_938,EMA,RUT,,,,1.836
stone_939,EMA,SA,,,,1.275
stone_940,EMA,SB,,,,1.836
stone_941,EMA,SIL,,,,1.38
stone_942,EMA,SK,,,,1.275
stone_943,EMA,SMQ,,,,1.836
stone_944,EMA,SPE,,,,1.836
stone_945,EMA,SPI,,,,1.275
stone_946,EMA,STS,,,,1.1
stone_947,EMA,SUN,,,,1.836
stone_948,EMA,SYN,,,,1.836
stone_949,EMA,TAN,,,,1.275
stone_950,EMA,THP,,,,1.27
stone_951,EMA,TIG,,,,1.836
stone_952,EMA,TOP,,,,1.836
stone_953,EMA,TOU,,,,1.836
stone_954,EMA,TOU,,,PARA,1.53
stone_955,EMA,TSAV,,,,1.275
stone_956,EMA,TU,,,,2.295
stone_957,EMA,TURQ,,,,1.836
stone_958,EMA,UV,,,,1.836
stone_959,EMA,WD,,,,1.836
stone_960,EMA,WQA,,,,1.836
stone_961,EMA,WT,,,,1.836
stone_962,EMA,ZC,,,,1.836
stone_963,EMA+7,0,,,,2.0
stone_964,EMA+7,1,,,,2.0
stone_965,EMA+7,ABA,,,,2.0
stone_966,EMA+7,AGA,,,,2.5
stone_967,EMA+7,AK1,,,,2.0
stone_968,EMA+7,AK2,,,,2.0
stone_969,EMA+7,AME,,,,2.0
stone_970,EMA+7,AMZ,,,,2.5
stone_971,EMA+7,AP,,,,2.0
stone_972,EMA+7,AQ,,,,1.7
stone_973,EMA+7,AVT,,,,2.5
stone_974,EMA+7,BAG,,,,2.5
stone_975,EMA+7,BDI,,,,2.0
stone_976,EMA+7,BKTOU,,,,2.0
stone_977,EMA+7,BON,,,,2.0
stone_978,EMA+7,BRL,,,,1.7
stone_979,EMA+7,BRZ,,,,2.0
stone_980,EMA+7,BT,,,,2.0
stone_981,EMA+7,BTOUR,,,,2.0
stone_982,EMA+7,BUT,,,,2.0
stone_983,EMA+7,CAC,,,,2.5
stone_984,EMA+7,CAM,,,,2.0
stone_985,EMA+7,CAR,,,,2.5
stone_986,EMA+7,CCT,,,,3.0
stone_987,EMA+7,CHA,,,,2.5
stone_988,EMA+7,CHP,,,,2.0
stone_989,EMA+7,CHR,,,,1.45
stone_990,EMA+7,CHRP,,,,2.0
stone_991,EMA+7,CIT,,,,2.0
stone_992,EMA+7,COG,,,,2.0
stone_993,EMA+7,CORAL,,,,2.5
stone_994,EMA+7,CRY,,,,2.5
stone_995,EMA+7,CUB,,,,2.5
stone_996,EMA+7,DIO,,,,2.0
stone_997,EMA+7,DRE,,,,2.0
stone_998,EMA+7,DTS,,0.7,,131.0
stone_999,EMA+7,DTS,,0.8,,1.29
stone_1000,EMA+7,DTS,,0.9,,1.29
stone_1001,EMA+7,DTS,,1.0,,1.26
stone_1002,EMA+7,DTS,,1.1,,1.26
stone_1003,EMA+7,DTS,,1.2,,1.26
stone_1004,EMA+7,DTS,,1.3,,1.26
stone_1005,EMA+7,DTS,,1.4,,1.24
stone_1006,EMA+7,DTS,,1.5,,1.24
stone_1007,EMA+7,DTS,,1.6,,1.24
stone_1008,EMA+7,DTS,,1.7,,1.24
stone_1009,EMA+7,DTS,,1.8,,1.22
stone_1010,EMA+7,DTS,,1.9,,1.22
stone_1011,EMA+7,DTS,,2.0,,1.22
stone_1012,EMA+7,DTS,,2.1,,1.22
stone_1013,EMA+7,DTS,,2.2,,1.22
stone_1014,EMA+7,DTS,,2.3,,1.22
stone_1015,EMA+7,DTS,,2.4,,1.22
stone_1016,EMA+7,DTS,,2.5,,1.22
stone_1017,EMA+7,DTS,,2.6,,1.22
stone_1018,EMA+7,DTS,,2.7,,1.2
stone_1019,EMA+7,DTS,,2.8,,1.2
stone_1020,EMA+7,DTS,,2.9,,1.2
stone_1021,EMA+7,DTS,,3.0,,1.2
stone_1022,EMA+7,DTS,,3.1,,1.2
stone_1023,EMA+7,DTS,,3.2,,1.2
stone_1024,EMA+7,DTS,,3.3,,1.2
stone_1025,EMA+7,DTS,,3.4,,1.18
stone_1026,EMA+7,DTS,,3.5,,1.18
stone_1027,EMA+7,DTS,,3.6,,1.18
stone_1028,EMA+7,DTS,,3.7,,1.18
stone_1029,EMA+7,DTS,,3.8,,1.18
stone_1030,EMA+7,DTS,,3.9,,1.18
stone_1031,EMA+7,DTS,,4.0,,1.18
stone_1032,EMA+7,DTS,,4.1,,1.18
stone_1033,EMA+7,DTS,,4.2,,1.18
stone_1034,EMA+7,DTS,,4.3,,1.18
stone_1035,EMA+7,DTS,,4.4,,1.18
stone_1036,EMA+7,DTS,,4.5,,1.18
stone_1037,EMA+7,DTS,,4.6,,1.18
stone_1038,EMA+7,DTS,,4.7,,1.18
stone_1039,EMA+7,DTS,,4.8,,1.18
stone_1040,EMA+7,DTS,,4.9,,1.18
stone_1041,EMA+7,DTS,,5.0,,1.18
stone_1042,EMA+7,DTS,,5.1,,1.18
stone_1043,EMA+7,DTS,,5.2,,1.18
stone_1044,EMA+7,DTS,,5.3,,1.18
stone_1045,EMA+7,DTS,,5.4,,1.18
stone_1046,EMA+7,DTS,,5.5,,1.18
stone_1047,EMA+7,DTS,,5.6,,1.18
stone_1048,EMA+7,DTS,,5.7,,1.18
stone_1049,EMA+7,DTS,,5.8,,1.18
stone_1050,EMA+7,DTS,,5.9,,1.18
stone_1051,EMA+7,DTS,,6.0,,1.18
stone_1052,EMA+7,DTS,,6.1,,1.18
stone_1053,EMA+7,DTS,,6.5,,1.18
stone_1054,EMA+7,DTS,,7.0,,1.18
stone_1055,EMA+7,DTS,,7.5,,1.18
stone_1056,EMA+7,DTS,,8.0,,1.18
stone_1057,EMA+7,DTS,,9.0,,1.18
stone_1058,EMA+7,DTS,BG,,,1.29
stone_1059,EMA+7,DTS,CUS,,,1.29
stone_1060,EMA+7,DTS,HS,,,1.29
stone_1061,EMA+7,DTS,MIX,,,1.29
stone_1062,EMA+7,DTS,MQ,,,1.29
stone_1063,EMA+7,DTS,OCT,,,1.29
stone_1064,EMA+7,DTS,OV,,,1.29
stone_1065,EMA+7,DTS,PR,,,1.29
stone_1066,EMA+7,DTS,PS,,,1.29
stone_1067,EMA+7,DTS,ROOV,,,1.29
stone_1068,EMA+7,DTS,ROPS,,,1.29
stone_1069,EMA+7,DTS,RORD,,,1.29
stone_1070,EMA+7,DTS,ROTR,,,1.29
stone_1071,EMA+7,DTS,RST,,,1.29
stone_1072,EMA+7,DTS,SQ,,,1.29
stone_1073,EMA+7,DTS,TP,,,1.29
stone_1074,EMA+7,DTS,TR,,,1.29
stone_1075,EMA+7,DTS,TRG,,,1.29
stone_1076,EMA+7,DYJ,,,,2.0
stone_1077,EMA+7,EAG,,,,2.0
stone_1078,EMA+7,EM,,,,1.45
stone_1079,EMA+7,FLU,,,,2.5
stone_1080,EMA+7,FOP,,,,2.0
stone_1081,EMA+7,FYTOU,,,,1.7
stone_1082,EMA+7,GA,,,,2.0
stone_1083,EMA+7,GQ,,,,2.0
stone_1084,EMA+7,GTOUR,,,,1.7
stone_1085,EMA+7,HMT,,,,2.5
stone_1086,EMA+7,IOL,,,,2.0
stone_1087,EMA+7,JAD,,,,1.7
stone_1088,EMA+7,JET,,,,2.5
stone_1089,EMA+7,JSP,,,,2.5
stone_1090,EMA+7,KUN,,,,1.7
stone_1091,EMA+7,KYA,,,,2.0
stone_1092,EMA+7,LAB,,,,2.5
stone_1093,EMA+7,LAP,,,,2.5
stone_1094,EMA+7,LAQ,,,,2.0
stone_1095,EMA+7,MAB,,,,2.0
stone_1096,EMA+7,MGA,,,,1.7
stone_1097,EMA+7,MIS,,,,2.0
stone_1098,EMA+7,MLK,,,,2.5
stone_1099,EMA+7,MOI,,,,1.28
stone_1100,EMA+7,MON,,,,2.0
stone_1101,EMA+7,MOP,,,,2.5
stone_1102,EMA+7,MOR,,,,1.7
stone_1103,EMA+7,NEP,,,,2.5
stone_1104,EMA+7,OBS,,,,2.5
stone_1105,EMA+7,OLQ,,,,2.0
stone_1106,EMA+7,ONY,,,,2.5
stone_1107,EMA+7,OP,,,,2.0
stone_1108,EMA+7,PAR,,,,1.36
stone_1109,EMA+7,PER,,,,2.0
stone_1110,EMA+7,POR,,,,2.5
stone_1111,EMA+7,PQA,,,,2.0
stone_1112,EMA+7,PR1,,,,2.0
stone_1113,EMA+7,PR2,,,,2.0
stone_1114,EMA+7,PREH,,,,1.7
stone_1115,EMA+7,PRL,,,,2.0
stone_1116,EMA+7,PTOUR,,,,1.7
stone_1117,EMA+7,QUB,,,,2.5
stone_1118,EMA+7,RCR,,,,2.5
stone_1119,EMA+7,RDC,,,,2.0
stone_1120,EMA+7,RDF,,,,2.0
stone_1121,EMA+7,RHO,,,,2.0
stone_1122,EMA+7,RU,,,,1.36
stone_1123,EMA+7,RUBE,,,,1.7
stone_1124,EMA+7,RUT,,,,2.0
stone_1125,EMA+7,SA,,,,1.4
stone_1126,EMA+7,SB,,,,2.5
stone_1127,EMA+7,SIL,,,,2.0
stone_1128,EMA+7,SK,,,,1.4
stone_1129,EMA+7,SMQ,,,,2.0
stone_1130,EMA+7,SPE,,,,2.0
stone_1131,EMA+7,SPI,,,,2.0
stone_1132,EMA+7,STS,,,,2.5
stone_1133,EMA+7,SUN,,,,2.5
stone_1134,EMA+7,SYN,,,,3.0
stone_1135,EMA+7,TAN,,,,2.0
stone_1136,EMA+7,THP,,,,1.7
stone_1137,EMA+7,TIG,,,,2.5
stone_1138,EMA+7,TOP,,,,2.0
stone_1139,EMA+7,TOU,,,,1.7
stone_1140,EMA+7,TSAV,,,,1.7
stone_1141,EMA+7,TU,,,,1.7
stone_1142,EMA+7,TURQ,,,,2.0
stone_1143,EMA+7,UV,,,,2.0
stone_1144,EMA+7,WD,,,,2.5
stone_1145,EMA+7,WQA,,,,2.0
stone_1146,EMA+7,WT,,,,2.0
stone_1147,EMA+7,ZC,,,,2.0
stone_1148,N30,1,,,,1.3
stone_1149,N35,1,,,,1.35
stone_1150,NET,1,,,,1.0
stone_1151,NET45,1,,,,1.45
stone_1152,NR+10,ABA,,,,3.3
stone_1153,NR+10,AGA,,,,3.85
stone_1154,NR+10,AK1,,,,3.3
stone_1155,NR+10,AK2,,,,3.3
stone_1156,NR+10,ALX,,,,3.85
stone_1157,NR+10,AME,,,,3.85
stone_1158,NR+10,AMZ,,,,3.85
stone_1159,NR+10,AP,,,,3.85
stone_1160,NR+10,AQ,,,,3.85
stone_1161,NR+10,AVT,,,,3.85
stone_1162,NR+10,BAG,,,,3.85
stone_1163,NR+10,BDI,,,,3.85
stone_1164,NR+10,BKTOU,,,,3.85
stone_1165,NR+10,BON,,,,3.85
stone_1166,NR+10,BRL,,,,3.85
stone_1167,NR+10,BRZ,,,,3.85
stone_1168,NR+10,BT,,,,3.85
stone_1169,NR+10,BTOUR,,,,3.85
stone_1170,NR+10,BUT,,,,3.3
stone_1171,NR+10,BZ,,,,3.85
stone_1172,NR+10,CAC,,,,3.85
stone_1173,NR+10,CAM,,,,3.85
stone_1174,NR+10,CAR,,,,3.85
stone_1175,NR+10,CCT,,,,4.813
stone_1176,NR+10,CHA,,,,3.85
stone_1177,NR+10,CHP,,,,3.85
stone_1178,NR+10,CHR,,,,3.85
stone_1179,NR+10,CHRP,,,,3.85
stone_1180,NR+10,CIT,,,,3.85
stone_1181,NR+10,COG,,,,3.85
stone_1182,NR+10,CORAL,,,,4.813
stone_1183,NR+10,CRY,,,,3.85
stone_1184,NR+10,CUB,,,,3.85
stone_1185,NR+10,DIO,,,,3.85
stone_1186,NR+10,DRE,,,,3.85
stone_1187,NR+10,DTS,,0.6,,1.93
stone_1188,NR+10,DTS,,0.7,,1.93
stone_1189,NR+10,DTS,,0.8,,1.9
stone_1190,NR+10,DTS,,0.9,,1.9
stone_1191,NR+10,DTS,,1.0,,1.87
stone_1192,NR+10,DTS,,1.1,,1.87
stone_1193,NR+10,DTS,,1.2,,1.87
stone_1194,NR+10,DTS,,1.3,,1.87
stone_1195,NR+10,DTS,,1.4,,1.87
stone_1196,NR+10,DTS,,1.5,,1.84
stone_1197,NR+10,DTS,,1.6,,1.84
stone_1198,NR+10,DTS,,1.7,,1.84
stone_1199,NR+10,DTS,,1.8,,1.81
stone_1200,NR+10,DTS,,1.9,,1.81
stone_1201,NR+10,DTS,,10.0,,1.65
stone_1202,NR+10,DTS,,2.0,,1.81
stone_1203,NR+10,DTS,,2.1,,1.81
stone_1204,NR+10,DTS,,2.2,,1.81
stone_1205,NR+10,DTS,,2.3,,1.81
stone_1206,NR+10,DTS,,2.4,,1.81
stone_1207,NR+10,DTS,,2.5,,1.81
stone_1208,NR+10,DTS,,2.6,,1.81
stone_1209,NR+10,DTS,,2.7,,1.78
stone_1210,NR+10,DTS,,2.8,,1.78
stone_1211,NR+10,DTS,,2.9,,1.78
stone_1212,NR+10,DTS,,3.0,,1.78
stone_1213,NR+10,DTS,,3.1,,1.78
stone_1214,NR+10,DTS,,3.2,,1.75
stone_1215,NR+10,DTS,,3.3,,1.75
stone_1216,NR+10,DTS,,3.4,,1.75
stone_1217,NR+10,DTS,,3.5,,1.75
stone_1218,NR+10,DTS,,3.6,,1.75
stone_1219,NR+10,DTS,,3.7,,1.75
stone_1220,NR+10,DTS,,3.8,,1.75
stone_1221,NR+10,DTS,,3.9,,1.75
stone_1222,NR+10,DTS,,4.0,,1.75
stone_1223,NR+10,DTS,,4.1,,1.75
stone_1224,NR+10,DTS,,4.2,,1.75
stone_1225,NR+10,DTS,,4.3,,1.75
stone_1226,NR+10,DTS,,4.4,,1.75
stone_1227,NR+10,DTS,,4.5,,1.75
stone_1228,NR+10,DTS,,4.6,,1.75
stone_1229,NR+10,DTS,,4.7,,1.75
stone_1230,NR+10,DTS,,4.8,,1.75
stone_1231,NR+10,DTS,,4.9,,1.75
stone_1232,NR+10,DTS,,5.0,,1.75
stone_1233,NR+10,DTS,,5.1,,1.75
stone_1234,NR+10,DTS,,5.2,,1.75
stone_1235,NR+10,DTS,,5.3,,1.75
stone_1236,NR+10,DTS,,5.4,,1.75
stone_1237,NR+10,DTS,,5.5,,1.75
stone_1238,NR+10,DTS,,5.6,,1.75
stone_1239,NR+10,DTS,,5.7,,1.75
stone_1240,NR+10,DTS,,5.75,,1.75
stone_1241,NR+10,DTS,,5.8,,1.75
stone_1242,NR+10,DTS,,5.9,,1.75
stone_1243,NR+10,DTS,,6.0,,1.75
stone_1244,NR+10,DTS,,6.1,,1.75
stone_1245,NR+10,DTS,,6.5,,1.75
stone_1246,NR+10,DTS,,7.0,,1.75
stone_1247,NR+10,DTS,,7.5,,1.75
stone_1248,NR+10,DTS,,8.0,,1.75
stone_1249,NR+10,DTS,,9.0,,1.75
stone_1250,NR+10,DTS,,MIX,,1.88
stone_1251,NR+10,DTS,BG,,,1.88
stone_1252,NR+10,DTS,CUS,,,1.88
stone_1253,NR+10,DTS,HEX,,,1.88
stone_1254,NR+10,DTS,MQ,,,1.88
stone_1255,NR+10,DTS,OCT,,,1.88
stone_1256,NR+10,DTS,OV,,,1.88
stone_1257,NR+10,DTS,PR,,,1.88
stone_1258,NR+10,DTS,PS,,,1.88
stone_1259,NR+10,DTS,RO,,,1.88
stone_1260,NR+10,DTS,RST,,,1.88
stone_1261,NR+10,DTS,SQ,,,1.88
stone_1262,NR+10,DTS,TP,,,1.88
stone_1263,NR+10,DTS,TR,,,1.88
stone_1264,NR+10,DTS,TRG,,,1.88
stone_1265,NR+10,DYJ,,,,3.85
stone_1266,NR+10,EAG,,,,3.85
stone_1267,NR+10,EM,,,,1.98
stone_1268,NR+10,FLU,,,,3.85
stone_1269,NR+10,FOP,,,,3.85
stone_1270,NR+10,FYTOU,,,,3.85
stone_1271,NR+10,GA,,,,3.85
stone_1272,NR+10,GQ,,,,3.85
stone_1273,NR+10,GTOUR,,,,3.85
stone_1274,NR+10,HMT,,,,3.85
stone_1275,NR+10,IOL,,,,3.85
stone_1276,NR+10,JAD,,,,3.85
stone_1277,NR+10,JET,,,,3.85
stone_1278,NR+10,JSP,,,,3.85
stone_1279,NR+10,KUN,,,,3.85
stone_1280,NR+10,KYA,,,,3.85
stone_1281,NR+10,LAB,,,,3.85
stone_1282,NR+10,LAP,,,,3.85
stone_1283,NR+10,LAQ,,,,3.85
stone_1284,NR+10,MAB,,,,3.3
stone_1285,NR+10,MGA,,,,3.85
stone_1286,NR+10,MIS,,,,3.85
stone_1287,NR+10,MLK,,,,3.85
stone_1288,NR+10,MOI,,,,2.28
stone_1289,NR+10,MON,,,,3.85
stone_1290,NR+10,MOP,,,,3.85
stone_1291,NR+10,MOR,,,,3.85
stone_1292,NR+10,NEP,,,,3.85
stone_1293,NR+10,OBS,,,,3.85
stone_1294,NR+10,OLQ,,,,3.85
stone_1295,NR+10,ONY,,,,3.85
stone_1296,NR+10,OP,,,,3.85
stone_1297,NR+10,PAR,,,,2.11
stone_1298,NR+10,PER,,,,3.85
stone_1299,NR+10,POR,,,,4.813
stone_1300,NR+10,PQA,,,,3.85
stone_1301,NR+10,PR1,,,,3.3
stone_1302,NR+10,PR2,,,,3.3
stone_1303,NR+10,PREH,,,,3.85
stone_1304,NR+10,PRL,,,,3.3
stone_1305,NR+10,PTOUR,,,,3.85
stone_1306,NR+10,QUB,,,,3.85
stone_1307,NR+10,RCR,,,,3.85
stone_1308,NR+10,RDC,,,,3.85
stone_1309,NR+10,RDF,,,,3.85
stone_1310,NR+10,RHO,,,,3.85
stone_1311,NR+10,RU,,,,1.76
stone_1312,NR+10,RUBE,,,,3.85
stone_1313,NR+10,RUT,,,,3.85
stone_1314,NR+10,SA,,,,1.76
stone_1315,NR+10,SB,,,,3.85
stone_1316,NR+10,SIL,,,,1.76
stone_1317,NR+10,SK,,,,1.76
stone_1318,NR+10,SMQ,,,,3.85
stone_1319,NR+10,SPE,,,,3.85
stone_1320,NR+10,SPI,,,,3.85
stone_1321,NR+10,STS,,,,1.49
stone_1322,NR+10,SUN,,,,3.85
stone_1323,NR+10,SYN,,,,3.85
stone_1324,NR+10,TAN,,,,1.76
stone_1325,NR+10,THP,,,,2.0
stone_1326,NR+10,TIG,,,,3.85
stone_1327,NR+10,TOP,,,,3.85
stone_1328,NR+10,TOU,,,,3.85
stone_1329,NR+10,TSAV,,,,1.76
stone_1330,NR+10,TU,,,,4.813
stone_1331,NR+10,TURQ,,,,3.85
stone_1332,NR+10,UV,,,,3.85
stone_1333,NR+10,WD,,,,3.85
stone_1334,NR+10,WQA,,,,3.85
stone_1335,NR+10,WT,,,,3.85
stone_1336,NR+10,ZC,,,,3.85
stone_1337,NRET,ABA,,,,3.0
stone_1338,NRET,AGA,,,,3.5
stone_1339,NRET,AK1,,,,3.0
stone_1340,NRET,AK2,,,,3.0
stone_1341,NRET,ALX,,,,3.5
stone_1342,NRET,AME,,,,3.5
stone_1343,NRET,AMZ,,,,3.5
stone_1344,NRET,AP,,,,3.5
stone_1345,NRET,AQ,,,,3.5
stone_1346,NRET,AVT,,,,3.5
stone_1347,NRET,BAG,,,,3.5
stone_1348,NRET,BDI,,,,3.5
stone_1349,NRET,BKTOU,,,,3.5
stone_1350,NRET,BON,,,,3.5
stone_1351,NRET,BRL,,,,3.5
stone_1352,NRET,BRZ,,,,3.5
stone_1353,NRET,BT,,,,3.5
stone_1354,NRET,BTOUR,,,,3.5
stone_1355,NRET,BUT,,,,3.0
stone_1356,NRET,BZ,,,,3.5
stone_1357,NRET,CAC,,,,3.5
stone_1358,NRET,CAM,,,,3.5
stone_1359,NRET,CAR,,,,3.5
stone_1360,NRET,CCT,,,,4.375
stone_1361,NRET,CHA,,,,3.5
stone_1362,NRET,CHP,,,,3.5
stone_1363,NRET,CHR,,,,3.5
stone_1364,NRET,CHRP,,,,3.5
stone_1365,NRET,CIT,,,,3.5
stone_1366,NRET,COG,,,,3.5
stone_1367,NRET,CORAL,,,,4.375
stone_1368,NRET,CRY,,,,3.5
stone_1369,NRET,CUB,,,,3.5
stone_1370,NRET,DIO,,,,3.5
stone_1371,NRET,DRE,,,,3.5
stone_1372,NRET,DTS,,0.6,,1.76
stone_1373,NRET,DTS,,0.7,,1.76
stone_1374,NRET,DTS,,0.8,,1.73
stone_1375,NRET,DTS,,0.9,,1.73
stone_1376,NRET,DTS,,1.0,,1.7
stone_1377,NRET,DTS,,1.1,,1.7
stone_1378,NRET,DTS,,1.2,,1.7
stone_1379,NRET,DTS,,1.3,,1.7
stone_1380,NRET,DTS,,1.4,,1.67
stone_1381,NRET,DTS,,1.5,,1.67
stone_1382,NRET,DTS,,1.6,,1.67
stone_1383,NRET,DTS,,1.7,,1.67
stone_1384,NRET,DTS,,1.8,,1.65
stone_1385,NRET,DTS,,1.9,,1.65
stone_1386,NRET,DTS,,10.0,,1.5
stone_1387,NRET,DTS,,2.0,,1.65
stone_1388,NRET,DTS,,2.1,,1.65
stone_1389,NRET,DTS,,2.2,,1.65
stone_1390,NRET,DTS,,2.3,,1.65
stone_1391,NRET,DTS,,2.4,,1.65
stone_1392,NRET,DTS,,2.5,,1.65
stone_1393,NRET,DTS,,2.6,,1.65
stone_1394,NRET,DTS,,2.7,,1.62
stone_1395,NRET,DTS,,2.8,,1.62
stone_1396,NRET,DTS,,2.9,,1.62
stone_1397,NRET,DTS,,3.0,,1.62
stone_1398,NRET,DTS,,3.1,,1.62
stone_1399,NRET,DTS,,3.2,,1.59
stone_1400,NRET,DTS,,3.3,,1.59
stone_1401,NRET,DTS,,3.4,,1.59
stone_1402,NRET,DTS,,3.5,,1.59
stone_1403,NRET,DTS,,3.6,,1.59
stone_1404,NRET,DTS,,3.7,,1.59
stone_1405,NRET,DTS,,3.8,,1.59
stone_1406,NRET,DTS,,3.9,,1.59
stone_1407,NRET,DTS,,4.0,,1.59
stone_1408,NRET,DTS,,4.1,,1.59
stone_1409,NRET,DTS,,4.2,,1.59
stone_1410,NRET,DTS,,4.3,,1.59
stone_1411,NRET,DTS,,4.4,,1.59
stone_1412,NRET,DTS,,4.5,,1.59
stone_1413,NRET,DTS,,4.6,,1.59
stone_1414,NRET,DTS,,4.7,,1.59
stone_1415,NRET,DTS,,4.8,,1.59
stone_1416,NRET,DTS,,4.9,,1.59
stone_1417,NRET,DTS,,5.0,,1.59
stone_1418,NRET,DTS,,5.1,,1.59
stone_1419,NRET,DTS,,5.2,,1.59
stone_1420,NRET,DTS,,5.3,,1.59
stone_1421,NRET,DTS,,5.4,,1.59
stone_1422,NRET,DTS,,5.5,,1.59
stone_1423,NRET,DTS,,5.6,,1.59
stone_1424,NRET,DTS,,5.7,,1.59
stone_1425,NRET,DTS,,5.75,,1.59
stone_1426,NRET,DTS,,5.8,,1.59
stone_1427,NRET,DTS,,5.9,,1.59
stone_1428,NRET,DTS,,6.0,,1.59
stone_1429,NRET,DTS,,6.1,,1.59
stone_1430,NRET,DTS,,6.5,,1.59
stone_1431,NRET,DTS,,7.0,,1.59
stone_1432,NRET,DTS,,7.5,,1.59
stone_1433,NRET,DTS,,8.0,,1.59
stone_1434,NRET,DTS,,9.0,,1.59
stone_1435,NRET,DTS,,MIX,,1.71
stone_1436,NRET,DTS,BG,,,1.71
stone_1437,NRET,DTS,CUS,,,1.71
stone_1438,NRET,DTS,HEX,,,1.71
stone_1439,NRET,DTS,MQ,,,1.71
stone_1440,NRET,DTS,OCT,,,1.71
stone_1441,NRET,DTS,OV,,,1.71
stone_1442,NRET,DTS,PR,,,1.71
stone_1443,NRET,DTS,PS,,,1.71
stone_1444,NRET,DTS,RO,,,1.71
stone_1445,NRET,DTS,RST,,,1.71
stone_1446,NRET,DTS,SQ,,,1.71
stone_1447,NRET,DTS,TP,,,1.71
stone_1448,NRET,DTS,TR,,,1.71
stone_1449,NRET,DTS,TRG,,,1.71
stone_1450,NRET,DYJ,,,,3.5
stone_1451,NRET,EAG,,,,3.5
stone_1452,NRET,EM,,,,1.8
stone_1453,NRET,FLU,,,,3.5
stone_1454,NRET,FOP,,,,3.5
stone_1455,NRET,FYTOU,,,,3.5
stone_1456,NRET,GA,,,,3.5
stone_1457,NRET,GQ,,,,3.5
stone_1458,NRET,GTOUR,,,,3.5
stone_1459,NRET,HMT,,,,3.5
stone_1460,NRET,IOL,,,,3.5
stone_1461,NRET,JAD,,,,3.5
stone_1462,NRET,JET,,,,3.5
stone_1463,NRET,JSP,,,,3.5
stone_1464,NRET,KUN,,,,3.5
stone_1465,NRET,KYA,,,,3.5
stone_1466,NRET,LAB,,,,3.5
stone_1467,NRET,LAP,,,,3.5
stone_1468,NRET,LAQ,,,,3.5
stone_1469,NRET,MAB,,,,3.0
stone_1470,NRET,MGA,,,,3.5
stone_1471,NRET,MIS,,,,3.5
stone_1472,NRET,MLK,,,,3.5
stone_1473,NRET,MOI,,,,2.07
stone_1474,NRET,MON,,,,3.5
stone_1475,NRET,MOP,,,,3.5
stone_1476,NRET,MOR,,,,3.5
stone_1477,NRET,NEP,,,,3.5
stone_1478,NRET,OBS,,,,3.5
stone_1479,NRET,OLQ,,,,3.5
stone_1480,NRET,ONY,,,,3.5
stone_1481,NRET,OP,,,,3.5
stone_1482,NRET,PAR,,,,1.92
stone_1483,NRET,PER,,,,3.5
stone_1484,NRET,POR,,,,4.375
stone_1485,NRET,PQA,,,,3.5
stone_1486,NRET,PR1,,,,3.0
stone_1487,NRET,PR2,,,,3.0
stone_1488,NRET,PREH,,,,3.5
stone_1489,NRET,PRL,,,,3.0
stone_1490,NRET,PTOUR,,,,2.3
stone_1491,NRET,QUB,,,,3.5
stone_1492,NRET,RCR,,,,3.5
stone_1493,NRET,RDC,,,,3.5
stone_1494,NRET,RDF,,,,3.5
stone_1495,NRET,RHO,,,,3.5
stone_1496,NRET,RU,,,,1.6
stone_1497,NRET,RUBE,,,,3.5
stone_1498,NRET,RUT,,,,3.5
stone_1499,NRET,SA,,,,1.6
stone_1500,NRET,SB,,,,3.5
stone_1501,NRET,SIL,,,,1.6
stone_1502,NRET,SK,,,,1.6
stone_1503,NRET,SMQ,,,,3.5
stone_1504,NRET,SPE,,,,3.5
stone_1505,NRET,SPI,,,,3.5
stone_1506,NRET,STS,,,,1.35
stone_1507,NRET,SUN,,,,3.5
stone_1508,NRET,SYN,,,,3.5
stone_1509,NRET,TAN,,,,1.6
stone_1510,NRET,THP,,,,1.81
stone_1511,NRET,TIG,,,,3.5
stone_1512,NRET,TOP,,,,3.5
stone_1513,NRET,TOU,,,,3.5
stone_1514,NRET,TSAV,,,,1.6
stone_1515,NRET,TU,,,,4.375
stone_1516,NRET,TURQ,,,,3.5
stone_1517,NRET,UV,,,,3.5
stone_1518,NRET,WD,,,,3.5
stone_1519,NRET,WQA,,,,3.5
stone_1520,NRET,WT,,,,3.5
stone_1521,NRET,ZC,,,,3.5
stone_1522,ORET,ABA,,,,2.5
stone_1523,ORET,AGA,,,,3.0
stone_1524,ORET,AK1,,,,2.5
stone_1525,ORET,AK2,,,,2.5
stone_1526,ORET,ALX,,,,2.8
stone_1527,ORET,AME,,,,2.8
stone_1528,ORET,AMZ,,,,2.8
stone_1529,ORET,AP,,,,2.8
stone_1530,ORET,AQ,,,,2.8
stone_1531,ORET,AVT,,,,3.0
stone_1532,ORET,BAG,,,,3.0
stone_1533,ORET,BDI,,,,3.0
stone_1534,ORET,BKTOU,,,,2.8
stone_1535,ORET,BON,,,,2.8
stone_1536,ORET,BRL,,,,2.8
stone_1537,ORET,BRZ,,,,3.0
stone_1538,ORET,BT,,,,2.8
stone_1539,ORET,BTOUR,,,,2.8
stone_1540,ORET,BUT,,,,2.5
stone_1541,ORET,BZ,,,,2.8
stone_1542,ORET,CAC,,,,3.0
stone_1543,ORET,CAM,,,,2.8
stone_1544,ORET,CAR,,,,3.0
stone_1545,ORET,CCT,,,,3.75
stone_1546,ORET,CHA,,,,2.8
stone_1547,ORET,CHP,,,,2.8
stone_1548,ORET,CHR,,,,2.8
stone_1549,ORET,CHRP,,,,2.8
stone_1550,ORET,CIT,,,,2.8
stone_1551,ORET,COG,,,,2.8
stone_1552,ORET,CORAL,,,,3.75
stone_1553,ORET,CRY,,,,3.0
stone_1554,ORET,CUB,,,,3.0
stone_1555,ORET,DIO,,,,3.0
stone_1556,ORET,DRE,,,,2.8
stone_1557,ORET,DTS,,0.6,,1.54
stone_1558,ORET,DTS,,0.7,,1.54
stone_1559,ORET,DTS,,0.8,,1.52
stone_1560,ORET,DTS,,0.9,,1.52
stone_1561,ORET,DTS,,1.0,,1.5
stone_1562,ORET,DTS,,1.1,,1.5
stone_1563,ORET,DTS,,1.2,,1.5
stone_1564,ORET,DTS,,1.3,,1.5
stone_1565,ORET,DTS,,1.4,,1.48
stone_1566,ORET,DTS,,1.5,,1.48
stone_1567,ORET,DTS,,1.6,,1.48
stone_1568,ORET,DTS,,1.7,,1.48
stone_1569,ORET,DTS,,1.8,,1.46
stone_1570,ORET,DTS,,1.9,,1.46
stone_1571,ORET,DTS,,10.0,,1.32
stone_1572,ORET,DTS,,2.0,,1.46
stone_1573,ORET,DTS,,2.1,,1.46
stone_1574,ORET,DTS,,2.2,,1.46
stone_1575,ORET,DTS,,2.3,,1.46
stone_1576,ORET,DTS,,2.4,,1.46
stone_1577,ORET,DTS,,2.5,,1.46
stone_1578,ORET,DTS,,2.6,,1.46
stone_1579,ORET,DTS,,2.7,,1.44
stone_1580,ORET,DTS,,2.8,,1.44
stone_1581,ORET,DTS,,2.9,,1.44
stone_1582,ORET,DTS,,3.0,,1.44
stone_1583,ORET,DTS,,3.1,,1.44
stone_1584,ORET,DTS,,3.2,,1.41
stone_1585,ORET,DTS,,3.3,,1.41
stone_1586,ORET,DTS,,3.4,,1.41
stone_1587,ORET,DTS,,3.5,,1.41
stone_1588,ORET,DTS,,3.6,,1.41
stone_1589,ORET,DTS,,3.7,,1.41
stone_1590,ORET,DTS,,3.8,,1.41
stone_1591,ORET,DTS,,3.9,,1.41
stone_1592,ORET,DTS,,4.0,,1.41
stone_1593,ORET,DTS,,4.1,,1.41
stone_1594,ORET,DTS,,4.2,,1.41
stone_1595,ORET,DTS,,4.3,,1.41
stone_1596,ORET,DTS,,4.4,,1.41
stone_1597,ORET,DTS,,4.5,,1.41
stone_1598,ORET,DTS,,4.6,,1.41
stone_1599,ORET,DTS,,4.7,,1.41
stone_1600,ORET,DTS,,4.8,,1.41
stone_1601,ORET,DTS,,4.9,,1.41
stone_1602,ORET,DTS,,5.0,,1.41
stone_1603,ORET,DTS,,5.1,,1.41
stone_1604,ORET,DTS,,5.2,,1.41
stone_1605,ORET,DTS,,5.3,,1.41
stone_1606,ORET,DTS,,5.4,,1.41
stone_1607,ORET,DTS,,5.5,,1.41
stone_1608,ORET,DTS,,5.6,,1.41
stone_1609,ORET,DTS,,5.7,,1.41
stone_1610,ORET,DTS,,5.75,,1.41
stone_1611,ORET,DTS,,5.8,,1.41
stone_1612,ORET,DTS,,5.9,,1.41
stone_1613,ORET,DTS,,6.0,,1.41
stone_1614,ORET,DTS,,6.1,,1.41
stone_1615,ORET,DTS,,6.5,,1.41
stone_1616,ORET,DTS,,7.0,,1.41
stone_1617,ORET,DTS,,7.5,,1.41
stone_1618,ORET,DTS,,8.0,,1.41
stone_1619,ORET,DTS,,9.0,,1.41
stone_1620,ORET,DTS,,MIX,,1.51
stone_1621,ORET,DTS,BG,,,1.51
stone_1622,ORET,DTS,CUS,,,1.51
stone_1623,ORET,DTS,HEX,,,1.51
stone_1624,ORET,DTS,MQ,,,1.51
stone_1625,ORET,DTS,OCT,,,1.51
stone_1626,ORET,DTS,OV,,,1.51
stone_1627,ORET,DTS,PR,,,1.51
stone_1628,ORET,DTS,PS,,,1.51
stone_1629,ORET,DTS,RO,,,1.51
stone_1630,ORET,DTS,RST,,,1.51
stone_1631,ORET,DTS,SQ,,,1.51
stone_1632,ORET,DTS,TP,,,1.51
stone_1633,ORET,DTS,TR,,,1.51
stone_1634,ORET,DTS,TRG,,,1.51
stone_1635,ORET,DYJ,,,,2.8
stone_1636,ORET,EAG,,,,2.8
stone_1637,ORET,EM,,,,1.68
stone_1638,ORET,FLU,,,,2.8
stone_1639,ORET,FOP,,,,2.8
stone_1640,ORET,FYTOU,,,,2.8
stone_1641,ORET,GA,,,,2.8
stone_1642,ORET,GQ,,,,2.8
stone_1643,ORET,GTOUR,,,,2.8
stone_1644,ORET,HMT,,,,3.0
stone_1645,ORET,IOL,,,,2.8
stone_1646,ORET,JAD,,,,3.0
stone_1647,ORET,JET,,,,2.8
stone_1648,ORET,JSP,,,,3.0
stone_1649,ORET,KUN,,,,2.8
stone_1650,ORET,KYA,,,,2.8
stone_1651,ORET,LAB,,,,3.0
stone_1652,ORET,LAP,,,,3.0
stone_1653,ORET,LAQ,,,,3.0
stone_1654,ORET,MAB,,,,2.0
stone_1655,ORET,MGA,,,,2.8
stone_1656,ORET,MIS,,,,2.8
stone_1657,ORET,MLK,,,,2.8
stone_1658,ORET,MOI,,,,1.76
stone_1659,ORET,MON,,,,3.0
stone_1660,ORET,MOP,,,,3.0
stone_1661,ORET,MOR,,,,2.8
stone_1662,ORET,NEP,,,,3.0
stone_1663,ORET,OBS,,,,2.8
stone_1664,ORET,OLQ,,,,3.0
stone_1665,ORET,ONY,,,,3.0
stone_1666,ORET,OP,,,,2.8
stone_1667,ORET,PAR,,,,1.8
stone_1668,ORET,PER,,,,2.8
stone_1669,ORET,POR,,,,3.75
stone_1670,ORET,PQA,,,,3.0
stone_1671,ORET,PR1,,,,2.5
stone_1672,ORET,PR2,,,,2.5
stone_1673,ORET,PREH,,,,3.0
stone_1674,ORET,PRL,,,,2.5
stone_1675,ORET,PTOUR,,,,2.8
stone_1676,ORET,QUB,,,,3.0
stone_1677,ORET,RCR,,,,3.0
stone_1678,ORET,RDF,,,,2.8
stone_1679,ORET,RHO,,,,2.8
stone_1680,ORET,RU,,,,1.5
stone_1681,ORET,RUBE,,,,2.8
stone_1682,ORET,RUT,,,,3.0
stone_1683,ORET,SA,,,,1.5
stone_1684,ORET,SB,,,,3.0
stone_1685,ORET,SIL,,,,1.5
stone_1686,ORET,SK,,,,1.5
stone_1687,ORET,SMQ,,,,2.8
stone_1688,ORET,SPE,,,,2.8
stone_1689,ORET,SPI,,,,2.8
stone_1690,ORET,STS,,,,1.25
stone_1691,ORET,SUN,,,,3.0
stone_1692,ORET,SYN,,,,3.0
stone_1693,ORET,TAN,,,,1.5
stone_1694,ORET,THP,,,,1.6
stone_1695,ORET,TIG,,,,3.0
stone_1696,ORET,TOP,,,,3.0
stone_1697,ORET,TOU,,,,3.0
stone_1698,ORET,TSAV,,,,1.5
stone_1699,ORET,TU,,,,3.75
stone_1700,ORET,TURQ,,,,3.0
stone_1701,ORET,UV,,,,2.8
stone_1702,ORET,WD,,,,2.8
stone_1703,ORET,WQA,,,,3.0
stone_1704,ORET,WT,,,,2.8
stone_1705,ORET,ZC,,,,2.8
stone_1706,UK,ABA,,,,3.74
stone_1707,UK,AGA,,,,3.96
stone_1708,UK,AK1,,,,3.74
stone_1709,UK,AK2,,,,3.74
stone_1710,UK,ALX,,,,3.96
stone_1711,UK,AME,,,,3.96
stone_1712,UK,AMZ,,,,3.96
stone_1713,UK,AP,,,,3.96
stone_1714,UK,AQ,,,,3.96
stone_1715,UK,AVT,,,,3.96
stone_1716,UK,BAG,,,,3.96
stone_1717,UK,BDI,,,,3.96
stone_1718,UK,BKTOU,,,,3.96
stone_1719,UK,BON,,,,3.96
stone_1720,UK,BRL,,,,3.96
stone_1721,UK,BRZ,,,,3.96
stone_1722,UK,BT,,,,3.96
stone_1723,UK,BTOUR,,,,3.96
stone_1724,UK,BUT,,,,3.74
stone_1725,UK,BZ,,,,3.3
stone_1726,UK,CAC,,,,3.96
stone_1727,UK,CAM,,,,3.96
stone_1728,UK,CAR,,,,3.96
stone_1729,UK,CCT,,,,4.95
stone_1730,UK,CHA,,,,3.96
stone_1731,UK,CHP,,,,3.96
stone_1732,UK,CHR,,,,3.96
stone_1733,UK,CHRP,,,,3.96
stone_1734,UK,CIT,,,,3.96
stone_1735,UK,COG,,,,3.96
stone_1736,UK,CORAL,,,,4.95
stone_1737,UK,CRY,,,,3.96
stone_1738,UK,CUB,,,,3.96
stone_1739,UK,DIO,,,,3.96
stone_1740,UK,DRE,,,,3.96
stone_1741,UK,DTS,,0.6,,2.98
stone_1742,UK,DTS,,0.7,,2.98
stone_1743,UK,DTS,,0.8,,2.92
stone_1744,UK,DTS,,0.9,,2.92
stone_1745,UK,DTS,,1.0,,2.86
stone_1746,UK,DTS,,1.1,,2.86
stone_1747,UK,DTS,,1.2,,2.86
stone_1748,UK,DTS,,1.3,,2.86
stone_1749,UK,DTS,,1.4,,2.8
stone_1750,UK,DTS,,1.5,,2.8
stone_1751,UK,DTS,,1.6,,2.8
stone_1752,UK,DTS,,1.7,,2.8
stone_1753,UK,DTS,,1.8,,2.74
stone_1754,UK,DTS,,1.9,,2.74
stone_1755,UK,DTS,,10.0,,2.47
stone_1756,UK,DTS,,2.0,,2.74
stone_1757,UK,DTS,,2.1,,2.74
stone_1758,UK,DTS,,2.2,,2.74
stone_1759,UK,DTS,,2.3,,2.74
stone_1760,UK,DTS,,2.4,,2.74
stone_1761,UK,DTS,,2.5,,2.74
stone_1762,UK,DTS,,2.6,,2.74
stone_1763,UK,DTS,,2.7,,2.68
stone_1764,UK,DTS,,2.8,,2.68
stone_1765,UK,DTS,,2.9,,2.68
stone_1766,UK,DTS,,3.0,,2.68
stone_1767,UK,DTS,,3.1,,2.62
stone_1768,UK,DTS,,3.2,,2.62
stone_1769,UK,DTS,,3.3,,2.62
stone_1770,UK,DTS,,3.4,,2.62
stone_1771,UK,DTS,,3.5,,2.62
stone_1772,UK,DTS,,3.6,,2.62
stone_1773,UK,DTS,,3.7,,2.62
stone_1774,UK,DTS,,3.8,,2.62
stone_1775,UK,DTS,,3.9,,2.62
stone_1776,UK,DTS,,4.0,,2.62
stone_1777,UK,DTS,,4.1,,2.62
stone_1778,UK,DTS,,4.2,,2.62
stone_1779,UK,DTS,,4.3,,2.62
stone_1780,UK,DTS,,4.4,,2.62
stone_1781,UK,DTS,,4.5,,2.62
stone_1782,UK,DTS,,4.6,,2.62
stone_1783,UK,DTS,,4.7,,2.62
stone_1784,UK,DTS,,4.8,,2.62
stone_1785,UK,DTS,,4.9,,2.62
stone_1786,UK,DTS,,5.0,,2.62
stone_1787,UK,DTS,,5.1,,2.62
stone_1788,UK,DTS,,5.2,,2.62
stone_1789,UK,DTS,,5.3,,2.62
stone_1790,UK,DTS,,5.4,,2.62
stone_1791,UK,DTS,,5.5,,2.62
stone_1792,UK,DTS,,5.6,,2.62
stone_1793,UK,DTS,,5.7,,2.62
stone_1794,UK,DTS,,5.75,,2.62
stone_1795,UK,DTS,,5.8,,2.62
stone_1796,UK,DTS,,5.9,,2.62
stone_1797,UK,DTS,,6.0,,2.62
stone_1798,UK,DTS,,6.1,,2.62
stone_1799,UK,DTS,,6.5,,2.62
stone_1800,UK,DTS,,7.0,,2.62
stone_1801,UK,DTS,,7.5,,2.62
stone_1802,UK,DTS,,8.0,,2.62
stone_1803,UK,DTS,,9.0,,2.62
stone_1804,UK,DTS,,MIX,,2.81
stone_1805,UK,DTS,BG,,,2.81
stone_1806,UK,DTS,CUS,,,2.81
stone_1807,UK,DTS,HEX,,,2.81
stone_1808,UK,DTS,MQ,,,2.81
stone_1809,UK,DTS,OCBRI,,,2.81
stone_1810,UK,DTS,OV,,,2.81
stone_1811,UK,DTS,PR,,,2.81
stone_1812,UK,DTS,PS,,,2.81
stone_1813,UK,DTS,RO,,,2.81
stone_1814,UK,DTS,RST,,,2.81
stone_1815,UK,DTS,SQ,,,2.81
stone_1816,UK,DTS,TP,,,2.81
stone_1817,UK,DTS,TR,,,2.81
stone_1818,UK,DTS,TRG,,,2.81
stone_1819,UK,DYJ,,,,3.96
stone_1820,UK,EAG,,,,3.96
stone_1821,UK,EM,,,,3.08
stone_1822,UK,FOP,,,,3.96
stone_1823,UK,FYTOU,,,,3.96
stone_1824,UK,GA,,,,3.96
stone_1825,UK,GQ,,,,3.96
stone_1826,UK,GTOUR,,,,3.96
stone_1827,UK,HMT,,,,3.96
stone_1828,UK,IOL,,,,3.96
stone_1829,UK,JAD,,,,3.96
stone_1830,UK,JET,,,,3.96
stone_1831,UK,JSP,,,,3.96
stone_1832,UK,KUN,,,,3.96
stone_1833,UK,KYA,,,,3.96
stone_1834,UK,LAB,,,,3.96
stone_1835,UK,LAP,,,,3.96
stone_1836,UK,LAQ,,,,3.96
stone_1837,UK,MAB,,,,3.74
stone_1838,UK,MGA,,,,3.96
stone_1839,UK,MIS,,,,3.96
stone_1840,UK,MLK,,,,3.96
stone_1841,UK,MOI,,,,2.2
stone_1842,UK,MON,,,,3.96
stone_1843,UK,MOP,,,,3.74
stone_1844,UK,MOR,,,,3.96
stone_1845,UK,NEP,,,,3.96
stone_1846,UK,OBS,,,,3.96
stone_1847,UK,OLQ,,,,3.96
stone_1848,UK,ONY,,,,3.96
stone_1849,UK,OP,,,,3.96
stone_1850,UK,PAR,,,,3.3
stone_1851,UK,PER,,,,3.96
stone_1852,UK,POR,,,,4.95
stone_1853,UK,PQA,,,,3.96
stone_1854,UK,PR1,,,,3.74
stone_1855,UK,PR2,,,,3.74
stone_1856,UK,PREH,,,,3.96
stone_1857,UK,PRL,,,,3.74
stone_1858,UK,PTOUR,,,,3.96
stone_1859,UK,QUB,,,,3.96
stone_1860,UK,RCR,,,,3.96
stone_1861,UK,RDC,,,,3.96
stone_1862,UK,RDF,,,,3.96
stone_1863,UK,RHO,,,,3.96
stone_1864,UK,RU,,,,2.75
stone_1865,UK,RUBE,,,,3.96
stone_1866,UK,RUT,,,,3.96
stone_1867,UK,SA,,,,2.75
stone_1868,UK,SB,,,,3.96
stone_1869,UK,SIL,,,,2.75
stone_1870,UK,SK,,,,2.75
stone_1871,UK,SMQ,,,,3.96
stone_1872,UK,SPE,,,,3.96
stone_1873,UK,SPI,,,,3.96
stone_1874,UK,STS,,,,2.5
stone_1875,UK,SUN,,,,3.96
stone_1876,UK,SYN,,,,3.96
stone_1877,UK,TAN,,,,2.75
stone_1878,UK,THP,,,,3.0
stone_1879,UK,TIG,,,,3.96
stone_1880,UK,TOP,,,,3.96
stone_1881,UK,TOU,,,,3.96
stone_1882,UK,TSAV,,,,3.96
stone_1883,UK,TU,,,,4.95
stone_1884,UK,TURQ,,,,3.96
stone_1885,UK,UV,,,,3.96
stone_1886,UK,WD,,,,3.96
stone_1887,UK,WQA,,,,3.96
stone_1888,UK,WT,,,,3.96
stone_1889,UK,ZC,,,,3.3
stone_1890,W10,ABA,,,,2.2
stone_1891,W10,AGA,,,,2.2
stone_1892,W10,AK1,,,,2.2
stone_1893,W10,AK2,,,,2.2
stone_1894,W10,ALX,,,,2.2
stone_1895,W10,AME,,,,2.2
stone_1896,W10,AMZ,,,,2.2
stone_1897,W10,AP,,,,2.2
stone_1898,W10,AQ,,,,2.2
stone_1899,W10,AVT,,,,2.2
stone_1900,W10,BAG,,,,2.2
stone_1901,W10,BDI,,,,2.2
stone_1902,W10,BKTOU,,,,2.2
stone_1903,W10,BON,,,,2.2
stone_1904,W10,BRL,,,,2.2
stone_1905,W10,BRZ,,,,2.2
stone_1906,W10,BT,,,,2.2
stone_1907,W10,BTOUR,,,,2.2
stone_1908,W10,BUT,,,,2.2
stone_1909,W10,BZ,,,,2.2
stone_1910,W10,CAC,,,,2.2
stone_1911,W10,CAM,,,,2.2
stone_1912,W10,CAR,,,,2.2
stone_1913,W10,CCT,,,,2.75
stone_1914,W10,CHA,,,,2.2
stone_1915,W10,CHP,,,,2.2
stone_1916,W10,CHR,,,,2.2
stone_1917,W10,CHRP,,,,2.2
stone_1918,W10,CIT,,,,2.2
stone_1919,W10,COG,,,,2.2
stone_1920,W10,CORAL,,,,2.75
stone_1921,W10,CRY,,,,2.2
stone_1922,W10,CUB,,,,2.2
stone_1923,W10,DIO,,,,2.2
stone_1924,W10,DRE,,,,2.2
stone_1925,W10,DTS,,0.6,,1.41
stone_1926,W10,DTS,,0.7,,1.41
stone_1927,W10,DTS,,0.8,,1.39
stone_1928,W10,DTS,,0.9,,1.39
stone_1929,W10,DTS,,1.0,,1.36
stone_1930,W10,DTS,,1.1,,1.36
stone_1931,W10,DTS,,1.2,,1.36
stone_1932,W10,DTS,,1.3,,1.36
stone_1933,W10,DTS,,1.4,,1.34
stone_1934,W10,DTS,,1.5,,1.34
stone_1935,W10,DTS,,1.6,,1.34
stone_1936,W10,DTS,,1.7,,1.34
stone_1937,W10,DTS,,1.8,,1.32
stone_1938,W10,DTS,,1.9,,1.32
stone_1939,W10,DTS,,10.0,,1.23
stone_1940,W10,DTS,,2.0,,1.32
stone_1941,W10,DTS,,2.1,,1.32
stone_1942,W10,DTS,,2.2,,1.32
stone_1943,W10,DTS,,2.3,,1.32
stone_1944,W10,DTS,,2.4,,1.32
stone_1945,W10,DTS,,2.5,,1.32
stone_1946,W10,DTS,,2.6,,1.32
stone_1947,W10,DTS,,2.7,,1.3
stone_1948,W10,DTS,,2.8,,1.3
stone_1949,W10,DTS,,2.9,,1.3
stone_1950,W10,DTS,,3.0,,1.3
stone_1951,W10,DTS,,3.1,,1.3
stone_1952,W10,DTS,,3.2,,1.28
stone_1953,W10,DTS,,3.3,,1.28
stone_1954,W10,DTS,,3.4,,1.28
stone_1955,W10,DTS,,3.5,,1.28
stone_1956,W10,DTS,,3.6,,1.28
stone_1957,W10,DTS,,3.7,,1.28
stone_1958,W10,DTS,,3.8,,1.28
stone_1959,W10,DTS,,3.9,,1.28
stone_1960,W10,DTS,,4.0,,1.28
stone_1961,W10,DTS,,4.1,,1.28
stone_1962,W10,DTS,,4.2,,1.28
stone_1963,W10,DTS,,4.3,,1.28
stone_1964,W10,DTS,,4.4,,1.28
stone_1965,W10,DTS,,4.5,,1.28
stone_1966,W10,DTS,,4.6,,1.28
stone_1967,W10,DTS,,4.7,,1.28
stone_1968,W10,DTS,,4.8,,1.28
stone_1969,W10,DTS,,4.9,,1.28
stone_1970,W10,DTS,,5.0,,1.28
stone_1971,W10,DTS,,5.1,,1.28
stone_1972,W10,DTS,,5.2,,1.28
stone_1973,W10,DTS,,5.3,,1.28
stone_1974,W10,DTS,,5.4,,1.28
stone_1975,W10,DTS,,5.5,,1.28
stone_1976,W10,DTS,,5.6,,1.28
stone_1977,W10,DTS,,5.7,,1.28
stone_1978,W10,DTS,,5.75,,1.28
stone_1979,W10,DTS,,5.8,,1.28
stone_1980,W10,DTS,,5.9,,1.28
stone_1981,W10,DTS,,6.0,,1.28
stone_1982,W10,DTS,,6.1,,1.28
stone_1983,W10,DTS,,6.5,,1.28
stone_1984,W10,DTS,,7.0,,1.28
stone_1985,W10,DTS,,7.5,,1.28
stone_1986,W10,DTS,,8.0,,1.28
stone_1987,W10,DTS,,9.0,,1.28
stone_1988,W10,DTS,,MIX,,1.38
stone_1989,W10,DTS,BG,,,1.38
stone_1990,W10,DTS,CUS,,,1.38
stone_1991,W10,DTS,HEX,,,1.38
stone_1992,W10,DTS,MQ,,,1.38
stone_1993,W10,DTS,OCT,,,1.38
stone_1994,W10,DTS,OV,,,1.38
stone_1995,W10,DTS,PR,,,1.38
stone_1996,W10,DTS,PS,,,1.38
stone_1997,W10,DTS,RO,,,1.38
stone_1998,W10,DTS,RST,,,1.38
stone_1999,W10,DTS,SQ,,,1.38
stone_2000,W10,DTS,TP,,,1.38
stone_2001,W10,DTS,TR,,,1.38
stone_2002,W10,DTS,TRG,,,1.38
stone_2003,W10,DYJ,,,,2.2
stone_2004,W10,EAG,,,,2.2
stone_2005,W10,EM,,,,1.6
stone_2006,W10,FLU,,,,2.2
stone_2007,W10,FOP,,,,2.2
stone_2008,W10,FYTOU,,,,2.2
stone_2009,W10,GA,,,,2.2
stone_2010,W10,GQ,,,,2.2
stone_2011,W10,GTOUR,,,,2.2
stone_2012,W10,HMT,,,,2.2
stone_2013,W10,IOL,,,,2.2
stone_2014,W10,JAD,,,,2.2
stone_2015,W10,JET,,,,2.2
stone_2016,W10,JSP,,,,2.2
stone_2017,W10,KUN,,,,2.2
stone_2018,W10,KYA,,,,2.2
stone_2019,W10,LAB,,,,2.2
stone_2020,W10,LAP,,,,2.2
stone_2021,W10,LAQ,,,,2.2
stone_2022,W10,MAB,,,,2.2
stone_2023,W10,MGA,,,,2.2
stone_2024,W10,MIS,,,,2.2
stone_2025,W10,MLK,,,,2.2
stone_2026,W10,MOI,,,,1.32
stone_2027,W10,MON,,,,2.2
stone_2028,W10,MOP,,,,2.2
stone_2029,W10,MOR,,,,2.2
stone_2030,W10,NEP,,,,2.2
stone_2031,W10,OBS,,,,2.2
stone_2032,W10,OLQ,,,,2.2
stone_2033,W10,ONY,,,,2.2
stone_2034,W10,OP,,,,2.2
stone_2035,W10,PAR,,,,1.72
stone_2036,W10,PER,,,,2.2
stone_2037,W10,POR,,,,2.75
stone_2038,W10,PQA,,,,2.2
stone_2039,W10,PR1,,,,2.2
stone_2040,W10,PR2,,,,2.2
stone_2041,W10,PREH,,,,2.2
stone_2042,W10,PRL,,,,2.2
stone_2043,W10,PTOUR,,,,2.2
stone_2044,W10,QUB,,,,2.2
stone_2045,W10,RCR,,,,2.2
stone_2046,W10,RDF,,,,2.2
stone_2047,W10,RHO,,,,2.2
stone_2048,W10,RU,,,,1.43
stone_2049,W10,RUBE,,,,2.2
stone_2050,W10,RUT,,,,2.2
stone_2051,W10,SA,,,,1.43
stone_2052,W10,SB,,,,2.2
stone_2053,W10,SIL,,,,1.43
stone_2054,W10,SK,,,,1.43
stone_2055,W10,SMQ,,,,2.2
stone_2056,W10,SPE,,,,2.2
stone_2057,W10,SPI,,,,2.2
stone_2058,W10,STS,,,,1.27
stone_2059,W10,SUN,,,,2.2
stone_2060,W10,SYN,,,,2.2
stone_2061,W10,TAN,,,,1.43
stone_2062,W10,THP,,,,1.43
stone_2063,W10,TIG,,,,2.2
stone_2064,W10,TOP,,,,2.2
stone_2065,W10,TOU,,,,2.2
stone_2066,W10,TSAV,,,,1.43
stone_2067,W10,TU,,,,2.75
stone_2068,W10,TURQ,,,,2.2
stone_2069,W10,UV,,,,2.2
stone_2070,W10,WD,,,,2.2
stone_2071,W10,WQA,,,,2.2
stone_2072,W10,WT,,,,2.2
stone_2073,W10,ZC,,,,2.2
stone_2074,W15,ABA,,,,2.3
stone_2075,W15,AGA,,,,2.3
stone_2076,W15,AK1,,,,2.3
stone_2077,W15,AK2,,,,2.3
stone_2078,W15,ALX,,,,2.3
stone_2079,W15,AME,,,,2.3
stone_2080,W15,AMZ,,,,2.3
stone_2081,W15,AP,,,,2.3
stone_2082,W15,AQ,,,,2.3
stone_2083,W15,AVT,,,,2.3
stone_2084,W15,BAG,,,,2.3
stone_2085,W15,BDI,,,,2.3
stone_2086,W15,BKTOU,,,,2.3
stone_2087,W15,BON,,,,2.3
stone_2088,W15,BRL,,,,2.3
stone_2089,W15,BRZ,,,,2.3
stone_2090,W15,BT,,,,2.3
stone_2091,W15,BTOUR,,,,2.3
stone_2092,W15,BUT,,,,2.3
stone_2093,W15,BZ,,,,2.3
stone_2094,W15,CAC,,,,2.3
stone_2095,W15,CAM,,,,2.3
stone_2096,W15,CAR,,,,2.3
stone_2097,W15,CCT,,,,2.875
stone_2098,W15,CHA,,,,2.3
stone_2099,W15,CHP,,,,2.3
stone_2100,W15,CHR,,,,2.3
stone_2101,W15,CHRP,,,,2.3
stone_2102,W15,CIT,,,,2.3
stone_2103,W15,COG,,,,2.3
stone_2104,W15,CORAL,,,,2.875
stone_2105,W15,CRY,,,,2.3
stone_2106,W15,CUB,,,,2.3
stone_2107,W15,DIO,,,,2.3
stone_2108,W15,DRE,,,,2.3
stone_2109,W15,DTS,,0.6,,1.47
stone_2110,W15,DTS,,0.7,,1.47
stone_2111,W15,DTS,,0.8,,1.45
stone_2112,W15,DTS,,0.9,,1.45
stone_2113,W15,DTS,,1.0,,1.43
stone_2114,W15,DTS,,1.1,,1.43
stone_2115,W15,DTS,,1.2,,1.43
stone_2116,W15,DTS,,1.3,,1.43
stone_2117,W15,DTS,,1.4,,1.4
stone_2118,W15,DTS,,1.5,,1.4
stone_2119,W15,DTS,,1.6,,1.4
stone_2120,W15,DTS,,1.7,,1.4
stone_2121,W15,DTS,,1.8,,1.38
stone_2122,W15,DTS,,1.9,,1.38
stone_2123,W15,DTS,,10.0,,1.29
stone_2124,W15,DTS,,2.0,,1.38
stone_2125,W15,DTS,,2.1,,1.38
stone_2126,W15,DTS,,2.2,,1.38
stone_2127,W15,DTS,,2.3,,1.38
stone_2128,W15,DTS,,2.4,,1.38
stone_2129,W15,DTS,,2.5,,1.38
stone_2130,W15,DTS,,2.6,,1.38
stone_2131,W15,DTS,,2.7,,1.36
stone_2132,W15,DTS,,2.8,,1.36
stone_2133,W15,DTS,,2.9,,1.36
stone_2134,W15,DTS,,3.0,,1.36
stone_2135,W15,DTS,,3.1,,1.36
stone_2136,W15,DTS,,3.2,,1.36
stone_2137,W15,DTS,,3.3,,1.33
stone_2138,W15,DTS,,3.4,,1.33
stone_2139,W15,DTS,,3.5,,1.33
stone_2140,W15,DTS,,3.6,,1.33
stone_2141,W15,DTS,,3.7,,1.33
stone_2142,W15,DTS,,3.8,,1.33
stone_2143,W15,DTS,,3.9,,1.33
stone_2144,W15,DTS,,4.0,,1.33
stone_2145,W15,DTS,,4.1,,1.33
stone_2146,W15,DTS,,4.2,,1.33
stone_2147,W15,DTS,,4.3,,1.33
stone_2148,W15,DTS,,4.4,,1.33
stone_2149,W15,DTS,,4.5,,1.33
stone_2150,W15,DTS,,4.6,,1.33
stone_2151,W15,DTS,,4.7,,1.33
stone_2152,W15,DTS,,4.8,,1.33
stone_2153,W15,DTS,,4.9,,1.33
stone_2154,W15,DTS,,5.0,,1.33
stone_2155,W15,DTS,,5.1,,1.33
stone_2156,W15,DTS,,5.2,,1.33
stone_2157,W15,DTS,,5.3,,1.33
stone_2158,W15,DTS,,5.4,,1.33
stone_2159,W15,DTS,,5.5,,1.33
stone_2160,W15,DTS,,5.6,,1.33
stone_2161,W15,DTS,,5.7,,1.33
stone_2162,W15,DTS,,5.75,,1.3
stone_2163,W15,DTS,,5.8,,1.33
stone_2164,W15,DTS,,5.9,,1.33
stone_2165,W15,DTS,,6.0,,1.33
stone_2166,W15,DTS,,6.1,,1.33
stone_2167,W15,DTS,,6.5,,1.33
stone_2168,W15,DTS,,7.0,,1.33
stone_2169,W15,DTS,,7.5,,1.33
stone_2170,W15,DTS,,8.0,,1.33
stone_2171,W15,DTS,,9.0,,1.33
stone_2172,W15,DTS,,MIX,,1.45
stone_2173,W15,DTS,BG,,,1.45
stone_2174,W15,DTS,CUS,,,1.45
stone_2175,W15,DTS,HEX,,,1.45
stone_2176,W15,DTS,MQ,,,1.45
stone_2177,W15,DTS,OCBRI,,,1.45
stone_2178,W15,DTS,OV,,,1.45
stone_2179,W15,DTS,PR,,,1.45
stone_2180,W15,DTS,PS,,,1.45
stone_2181,W15,DTS,RO,,,1.45
stone_2182,W15,DTS,RST,,,1.45
stone_2183,W15,DTS,SQ,,,1.45
stone_2184,W15,DTS,TP,,,1.45
stone_2185,W15,DTS,TR,,,1.45
stone_2186,W15,DTS,TRG,,,1.45
stone_2187,W15,DYJ,,,,2.3
stone_2188,W15,EAG,,,,2.3
stone_2189,W15,EM,,,,1.68
stone_2190,W15,FLU,,,,2.3
stone_2191,W15,FOP,,,,2.3
stone_2192,W15,FYTOU,,,,2.3
stone_2193,W15,GA,,,,2.3
stone_2194,W15,GQ,,,,2.3
stone_2195,W15,GTOUR,,,,2.3
stone_2196,W15,HMT,,,,2.3
stone_2197,W15,IOL,,,,2.3
stone_2198,W15,JAD,,,,2.3
stone_2199,W15,JET,,,,2.3
stone_2200,W15,JSP,,,,2.3
stone_2201,W15,KUN,,,,2.3
stone_2202,W15,KYA,,,,2.3
stone_2203,W15,LAB,,,,2.3
stone_2204,W15,LAP,,,,2.3
stone_2205,W15,LAQ,,,,2.3
stone_2206,W15,MAB,,,,2.3
stone_2207,W15,MGA,,,,2.3
stone_2208,W15,MIS,,,,2.3
stone_2209,W15,MLK,,,,2.3
stone_2210,W15,MOI,,,,1.38
stone_2211,W15,MON,,,,2.3
stone_2212,W15,MOP,,,,2.3
stone_2213,W15,MOR,,,,2.3
stone_2214,W15,NEP,,,,2.3
stone_2215,W15,OBS,,,,2.3
stone_2216,W15,OLQ,,,,2.3
stone_2217,W15,ONY,,,,2.3
stone_2218,W15,OP,,,,2.3
stone_2219,W15,PAR,,,,1.8
stone_2220,W15,PER,,,,2.3
stone_2221,W15,POR,,,,2.875
stone_2222,W15,PQA,,,,2.3
stone_2223,W15,PR1,,,,2.3
stone_2224,W15,PR2,,,,2.3
stone_2225,W15,PREH,,,,2.3
stone_2226,W15,PRL,,,,2.3
stone_2227,W15,PTOUR,,,,2.3
stone_2228,W15,QUB,,,,2.3
stone_2229,W15,RCR,,,,2.3
stone_2230,W15,RDF,,,,2.3
stone_2231,W15,RHO,,,,2.3
stone_2232,W15,RU,,,,1.495
stone_2233,W15,RUBE,,,,2.3
stone_2234,W15,RUT,,,,2.3
stone_2235,W15,SA,,,,1.495
stone_2236,W15,SB,,,,2.3
stone_2237,W15,SIL,,,,1.495
stone_2238,W15,SK,,,,1.495
stone_2239,W15,SMQ,,,,2.3
stone_2240,W15,SPE,,,,2.3
stone_2241,W15,SPI,,,,2.3
stone_2242,W15,STS,,,,1.33
stone_2243,W15,SUN,,,,2.3
stone_2244,W15,SYN,,,,2.3
stone_2245,W15,TAN,,,,1.495
stone_2246,W15,THP,,,,1.5
stone_2247,W15,TIG,,,,2.3
stone_2248,W15,TOP,,,,2.3
stone_2249,W15,TOU,,,,1.79
stone_2250,W15,TSAV,,,,1.495
stone_2251,W15,TU,,,,2.875
stone_2252,W15,TURQ,,,,2.3
stone_2253,W15,UV,,,,2.3
stone_2254,W15,WD,,,,2.3
stone_2255,W15,WQA,,,,2.3
stone_2256,W15,WT,,,,2.3
stone_2257,W15,ZC,,,,2.3
stone_2258,W20,ABA,,,,2.4
stone_2259,W20,AGA,,,,2.4
stone_2260,W20,AK1,,,,2.4
stone_2261,W20,AK2,,,,2.4
stone_2262,W20,ALX,,,,2.4
stone_2263,W20,AME,,,,2.4
stone_2264,W20,AMZ,,,,2.4
stone_2265,W20,AP,,,,2.4
stone_2266,W20,AQ,,,,2.4
stone_2267,W20,AVT,,,,2.4
stone_2268,W20,BAG,,,,2.4
stone_2269,W20,BDI,,,,2.4
stone_2270,W20,BKTOU,,,,2.4
stone_2271,W20,BON,,,,2.4
stone_2272,W20,BRL,,,,2.4
stone_2273,W20,BRZ,,,,2.4
stone_2274,W20,BT,,,,2.4
stone_2275,W20,BTOUR,,,,2.4
stone_2276,W20,BUT,,,,2.4
stone_2277,W20,BZ,,,,2.4
stone_2278,W20,CAC,,,,2.4
stone_2279,W20,CAM,,,,2.4
stone_2280,W20,CAR,,,,2.4
stone_2281,W20,CCT,,,,3.0
stone_2282,W20,CHA,,,,2.4
stone_2283,W20,CHP,,,,2.4
stone_2284,W20,CHR,,,,2.4
stone_2285,W20,CHRP,,,,2.4
stone_2286,W20,CIT,,,,2.4
stone_2287,W20,COG,,,,2.4
stone_2288,W20,CORAL,,,,3.0
stone_2289,W20,CRY,,,,2.4
stone_2290,W20,CUB,,,,2.4
stone_2291,W20,DIO,,,,2.4
stone_2292,W20,DRE,,,,2.4
stone_2293,W20,DTS,,0.6,,1.54
stone_2294,W20,DTS,,0.7,,1.54
stone_2295,W20,DTS,,0.8,,1.51
stone_2296,W20,DTS,,0.9,,1.51
stone_2297,W20,DTS,,1.0,,1.49
stone_2298,W20,DTS,,1.1,,1.49
stone_2299,W20,DTS,,1.2,,1.49
stone_2300,W20,DTS,,1.3,,1.49
stone_2301,W20,DTS,,1.4,,1.46
stone_2302,W20,DTS,,1.5,,1.46
stone_2303,W20,DTS,,1.6,,1.46
stone_2304,W20,DTS,,1.7,,1.46
stone_2305,W20,DTS,,1.8,,1.44
stone_2306,W20,DTS,,1.9,,1.44
stone_2307,W20,DTS,,10.0,,1.34
stone_2308,W20,DTS,,2.0,,1.44
stone_2309,W20,DTS,,2.1,,1.44
stone_2310,W20,DTS,,2.2,,1.44
stone_2311,W20,DTS,,2.3,,1.44
stone_2312,W20,DTS,,2.4,,1.44
stone_2313,W20,DTS,,2.5,,1.44
stone_2314,W20,DTS,,2.6,,1.44
stone_2315,W20,DTS,,2.7,,1.42
stone_2316,W20,DTS,,2.8,,1.42
stone_2317,W20,DTS,,2.9,,1.42
stone_2318,W20,DTS,,3.0,,1.42
stone_2319,W20,DTS,,3.1,,1.42
stone_2320,W20,DTS,,3.2,,1.39
stone_2321,W20,DTS,,3.3,,1.39
stone_2322,W20,DTS,,3.4,,1.39
stone_2323,W20,DTS,,3.5,,1.39
stone_2324,W20,DTS,,3.6,,1.39
stone_2325,W20,DTS,,3.7,,1.39
stone_2326,W20,DTS,,3.8,,1.39
stone_2327,W20,DTS,,3.9,,1.39
stone_2328,W20,DTS,,4.0,,1.39
stone_2329,W20,DTS,,4.1,,1.39
stone_2330,W20,DTS,,4.2,,1.39
stone_2331,W20,DTS,,4.3,,1.39
stone_2332,W20,DTS,,4.4,,1.39
stone_2333,W20,DTS,,4.5,,1.39
stone_2334,W20,DTS,,4.6,,1.39
stone_2335,W20,DTS,,4.7,,1.39
stone_2336,W20,DTS,,4.8,,1.39
stone_2337,W20,DTS,,4.9,,1.39
stone_2338,W20,DTS,,5.0,,1.39
stone_2339,W20,DTS,,5.1,,1.39
stone_2340,W20,DTS,,5.2,,1.39
stone_2341,W20,DTS,,5.3,,1.39
stone_2342,W20,DTS,,5.4,,1.39
stone_2343,W20,DTS,,5.5,,1.39
stone_2344,W20,DTS,,5.6,,1.39
stone_2345,W20,DTS,,5.7,,1.9
stone_2346,W20,DTS,,5.75,,1.39
stone_2347,W20,DTS,,5.8,,1.39
stone_2348,W20,DTS,,5.9,,1.39
stone_2349,W20,DTS,,6.0,,1.39
stone_2350,W20,DTS,,6.1,,1.39
stone_2351,W20,DTS,,6.5,,1.39
stone_2352,W20,DTS,,7.0,,1.39
stone_2353,W20,DTS,,7.5,,1.39
stone_2354,W20,DTS,,8.0,,1.39
stone_2355,W20,DTS,,9.0,,1.39
stone_2356,W20,DTS,,MIX,,1.51
stone_2357,W20,DTS,BG,,,1.51
stone_2358,W20,DTS,CUS,,,1.51
stone_2359,W20,DTS,HEX,,,1.51
stone_2360,W20,DTS,MQ,,,1.51
stone_2361,W20,DTS,OCT,,,1.51
stone_2362,W20,DTS,OV,,,1.51
stone_2363,W20,DTS,PR,,,1.51
stone_2364,W20,DTS,PS,,,1.51
stone_2365,W20,DTS,RO,,,1.51
stone_2366,W20,DTS,RST,,,1.51
stone_2367,W20,DTS,SQ,,,1.51
stone_2368,W20,DTS,TP,,,1.51
stone_2369,W20,DTS,TR,,,1.51
stone_2370,W20,DTS,TRG,,,1.51
stone_2371,W20,DYJ,,,,2.4
stone_2372,W20,EAG,,,,2.4
stone_2373,W20,EM,,,,1.74
stone_2374,W20,FLU,,,,2.4
stone_2375,W20,FOP,,,,2.4
stone_2376,W20,FYTOU,,,,2.4
stone_2377,W20,GA,,,,2.4
stone_2378,W20,GQ,,,,2.4
stone_2379,W20,GTOUR,,,,2.4
stone_2380,W20,HMT,,,,2.4
stone_2381,W20,IOL,,,,2.4
stone_2382,W20,JAD,,,,2.4
stone_2383,W20,JET,,,,2.4
stone_2384,W20,JSP,,,,2.4
stone_2385,W20,KUN,,,,2.4
stone_2386,W20,KYA,,,,2.4
stone_2387,W20,LAB,,,,2.4
stone_2388,W20,LAP,,,,2.4
stone_2389,W20,LAQ,,,,2.4
stone_2390,W20,MAB,,,,2.4
stone_2391,W20,MGA,,,,2.4
stone_2392,W20,MIS,,,,2.4
stone_2393,W20,MLK,,,,2.4
stone_2394,W20,MOI,,,,1.44
stone_2395,W20,MON,,,,2.4
stone_2396,W20,MOP,,,,2.4
stone_2397,W20,MOR,,,,2.4
stone_2398,W20,NEP,,,,2.4
stone_2399,W20,OBS,,,,2.4
stone_2400,W20,OLQ,,,,2.4
stone_2401,W20,ONY,,,,2.4
stone_2402,W20,OP,,,,2.4
stone_2403,W20,PAR,,,,1.87
stone_2404,W20,PER,,,,2.4
stone_2405,W20,POR,,,,3.0
stone_2406,W20,PQA,,,,2.4
stone_2407,W20,PR1,,,,2.4
stone_2408,W20,PR2,,,,2.4
stone_2409,W20,PREH,,,,2.4
stone_2410,W20,PRL,,,,2.4
stone_2411,W20,PTOUR,,,,2.4
stone_2412,W20,QUB,,,,2.4
stone_2413,W20,RCR,,,,2.4
stone_2414,W20,RDC,,,,2.4
stone_2415,W20,RDF,,,,2.4
stone_2416,W20,RHO,,,,2.4
stone_2417,W20,RU,,,,1.56
stone_2418,W20,RUBE,,,,2.4
stone_2419,W20,RUT,,,,2.4
stone_2420,W20,SA,,,,1.56
stone_2421,W20,SB,,,,2.4
stone_2422,W20,SIL,,,,1.56
stone_2423,W20,SK,,,,1.56
stone_2424,W20,SMQ,,,,2.4
stone_2425,W20,SPE,,,,2.4
stone_2426,W20,SPI,,,,2.4
stone_2427,W20,STS,,,,1.38
stone_2428,W20,SUN,,,,2.4
stone_2429,W20,SYN,,,,2.4
stone_2430,W20,TAN,,,,1.56
stone_2431,W20,THP,,,,1.56
stone_2432,W20,TIG,,,,2.4
stone_2433,W20,TOP,,,,2.4
stone_2434,W20,TOU,,,,2.4
stone_2435,W20,TSAV,,,,1.56
stone_2436,W20,TU,,,,3.0
stone_2437,W20,TURQ,,,,2.4
stone_2438,W20,UV,,,,2.4
stone_2439,W20,WD,,,,2.4
stone_2440,W20,WQA,,,,2.4
stone_2441,W20,WT,,,,2.4
stone_2442,W20,ZC,,,,2.4
stone_2443,W3,ABA,,,,2.06
stone_2444,W3,AGA,,,,2.06
stone_2445,W3,AK1,,,,2.06
stone_2446,W3,AK2,,,,2.06
stone_2447,W3,ALX,,,,2.06
stone_2448,W3,AME,,,,2.06
stone_2449,W3,AMZ,,,,2.06
stone_2450,W3,AP,,,,2.06
stone_2451,W3,AQ,,,,2.06
stone_2452,W3,AVT,,,,2.06
stone_2453,W3,BAG,,,,2.06
stone_2454,W3,BDI,,,,2.06
stone_2455,W3,BKTOU,,,,2.06
stone_2456,W3,BON,,,,2.06
stone_2457,W3,BRL,,,,2.06
stone_2458,W3,BRZ,,,,2.06
stone_2459,W3,BT,,,,2.06
stone_2460,W3,BTOUR,,,,2.06
stone_2461,W3,BUT,,,,2.06
stone_2462,W3,BZ,,,,2.06
stone_2463,W3,CAC,,,,2.06
stone_2464,W3,CAM,,,,2.06
stone_2465,W3,CAR,,,,2.06
stone_2466,W3,CCT,,,,2.575
stone_2467,W3,CHA,,,,2.06
stone_2468,W3,CHP,,,,2.06
stone_2469,W3,CHR,,,,2.06
stone_2470,W3,CHRP,,,,2.06
stone_2471,W3,CIT,,,,2.06
stone_2472,W3,COG,,,,2.06
stone_2473,W3,CORAL,,,,2.575
stone_2474,W3,CRY,,,,2.06
stone_2475,W3,CUB,,,,2.06
stone_2476,W3,DIO,,,,2.06
stone_2477,W3,DRE,,,,2.06
stone_2478,W3,DTS,,0.6,,1.32
stone_2479,W3,DTS,,0.7,,1.32
stone_2480,W3,DTS,,0.8,,1.3
stone_2481,W3,DTS,,0.9,,1.3
stone_2482,W3,DTS,,1.0,,1.28
stone_2483,W3,DTS,,1.1,,1.28
stone_2484,W3,DTS,,1.2,,1.28
stone_2485,W3,DTS,,1.3,,1.28
stone_2486,W3,DTS,,1.4,,1.26
stone_2487,W3,DTS,,1.5,,1.26
stone_2488,W3,DTS,,1.6,,1.26
stone_2489,W3,DTS,,1.7,,1.26
stone_2490,W3,DTS,,1.8,,1.24
stone_2491,W3,DTS,,1.9,,1.24
stone_2492,W3,DTS,,10.0,,1.15
stone_2493,W3,DTS,,2.0,,1.24
stone_2494,W3,DTS,,2.1,,1.24
stone_2495,W3,DTS,,2.2,,1.24
stone_2496,W3,DTS,,2.3,,1.24
stone_2497,W3,DTS,,2.4,,1.24
stone_2498,W3,DTS,,2.5,,1.24
stone_2499,W3,DTS,,2.6,,1.24
stone_2500,W3,DTS,,2.7,,1.22
stone_2501,W3,DTS,,2.8,,1.22
stone_2502,W3,DTS,,2.9,,1.22
stone_2503,W3,DTS,,3.0,,1.22
stone_2504,W3,DTS,,3.1,,1.22
stone_2505,W3,DTS,,3.2,,1.19
stone_2506,W3,DTS,,3.3,,1.19
stone_2507,W3,DTS,,3.4,,1.19
stone_2508,W3,DTS,,3.5,,1.19
stone_2509,W3,DTS,,3.6,,1.19
stone_2510,W3,DTS,,3.7,,1.19
stone_2511,W3,DTS,,3.8,,1.19
stone_2512,W3,DTS,,3.9,,1.19
stone_2513,W3,DTS,,4.0,,1.19
stone_2514,W3,DTS,,4.1,,1.19
stone_2515,W3,DTS,,4.2,,1.19
stone_2516,W3,DTS,,4.3,,1.19
stone_2517,W3,DTS,,4.4,,1.19
stone_2518,W3,DTS,,4.5,,1.19
stone_2519,W3,DTS,,4.6,,1.19
stone_2520,W3,DTS,,4.7,,1.19
stone_2521,W3,DTS,,4.8,,1.19
stone_2522,W3,DTS,,4.9,,1.19
stone_2523,W3,DTS,,5.0,,1.19
stone_2524,W3,DTS,,5.1,,1.19
stone_2525,W3,DTS,,5.2,,1.19
stone_2526,W3,DTS,,5.3,,1.19
stone_2527,W3,DTS,,5.4,,1.19
stone_2528,W3,DTS,,5.5,,1.19
stone_2529,W3,DTS,,5.6,,1.19
stone_2530,W3,DTS,,5.7,,1.19
stone_2531,W3,DTS,,5.75,,1.19
stone_2532,W3,DTS,,5.8,,1.19
stone_2533,W3,DTS,,5.9,,1.19
stone_2534,W3,DTS,,6.0,,1.19
stone_2535,W3,DTS,,6.1,,1.19
stone_2536,W3,DTS,,6.5,,1.19
stone_2537,W3,DTS,,7.0,,1.19
stone_2538,W3,DTS,,7.5,,1.19
stone_2539,W3,DTS,,8.0,,1.19
stone_2540,W3,DTS,,9.0,,1.19
stone_2541,W3,DTS,,MIX,,1.3
stone_2542,W3,DTS,BG,,,1.3
stone_2543,W3,DTS,CUS,,,1.3
stone_2544,W3,DTS,HEX,,,1.3
stone_2545,W3,DTS,MQ,,,1.3
stone_2546,W3,DTS,OCT,,,1.3
stone_2547,W3,DTS,OV,,,1.3
stone_2548,W3,DTS,PR,,,1.3
stone_2549,W3,DTS,PS,,,1.3
stone_2550,W3,DTS,RO,,,1.3
stone_2551,W3,DTS,RST,,,1.3
stone_2552,W3,DTS,SQ,,,1.3
stone_2553,W3,DTS,TP,,,1.3
stone_2554,W3,DTS,TR,,,1.3
stone_2555,W3,DTS,TRG,,,1.3
stone_2556,W3,DYJ,,,,2.06
stone_2557,W3,EAG,,,,2.06
stone_2558,W3,EM,,,,1.5
stone_2559,W3,FLU,,,,2.06
stone_2560,W3,FOP,,,,2.06
stone_2561,W3,FYTOU,,,,2.06
stone_2562,W3,GA,,,,2.06
stone_2563,W3,GQ,,,,2.06
stone_2564,W3,GTOUR,,,,2.06
stone_2565,W3,HMT,,,,2.06
stone_2566,W3,IOL,,,,2.06
stone_2567,W3,JAD,,,,2.06
stone_2568,W3,JET,,,,2.06
stone_2569,W3,JSP,,,,2.06
stone_2570,W3,KUN,,,,2.06
stone_2571,W3,KYA,,,,2.06
stone_2572,W3,LAB,,,,2.06
stone_2573,W3,LAP,,,,2.06
stone_2574,W3,LAQ,,,,2.06
stone_2575,W3,MAB,,,,2.06
stone_2576,W3,MGA,,,,2.06
stone_2577,W3,MIS,,,,2.06
stone_2578,W3,MLK,,,,2.06
stone_2579,W3,MOI,,,,1.24
stone_2580,W3,MON,,,,2.06
stone_2581,W3,MOP,,,,2.06
stone_2582,W3,MOR,,,,2.06
stone_2583,W3,NEP,,,,2.06
stone_2584,W3,OBS,,,,2.06
stone_2585,W3,OLQ,,,,2.06
stone_2586,W3,ONY,,,,2.06
stone_2587,W3,OP,,,,2.06
stone_2588,W3,PAR,,,,1.6
stone_2589,W3,PER,,,,2.06
stone_2590,W3,POR,,,,2.575
stone_2591,W3,PQA,,,,2.06
stone_2592,W3,PR1,,,,2.06
stone_2593,W3,PR2,,,,2.06
stone_2594,W3,PREH,,,,2.06
stone_2595,W3,PRL,,,,2.06
stone_2596,W3,PTOUR,,,,2.06
stone_2597,W3,QUB,,,,2.06
stone_2598,W3,RCR,,,,2.06
stone_2599,W3,RDF,,,,2.06
stone_2600,W3,RHO,,,,2.06
stone_2601,W3,RU,,,,1.339
stone_2602,W3,RUBE,,,,2.06
stone_2603,W3,RUT,,,,2.06
stone_2604,W3,SA,,,,1.339
stone_2605,W3,SB,,,,2.06
stone_2606,W3,SIL,,,,1.339
stone_2607,W3,SK,,,,1.339
stone_2608,W3,SMQ,,,,2.06
stone_2609,W3,SPE,,,,2.06
stone_2610,W3,SPI,,,,2.06
stone_2611,W3,STS,,,,1.185
stone_2612,W3,SUN,,,,2.06
stone_2613,W3,SYN,,,,2.06
stone_2614,W3,TAN,,,,1.34
stone_2615,W3,THP,,,,1.34
stone_2616,W3,TIG,,,,2.06
stone_2617,W3,TOP,,,,2.06
stone_2618,W3,TOU,,,,2.06
stone_2619,W3,TSAV,,,,1.34
stone_2620,W3,TU,,,,2.575
stone_2621,W3,TURQ,,,,2.06
stone_2622,W3,UV,,,,2.06
stone_2623,W3,WD,,,,2.06
stone_2624,W3,WQA,,,,2.06
stone_2625,W3,WT,,,,2.06
stone_2626,W3,ZC,,,,2.06
stone_2627,W30,ABA,,,,2.6
stone_2628,W30,AGA,,,,2.6
stone_2629,W30,AK1,,,,2.6
stone_2630,W30,AK2,,,,2.6
stone_2631,W30,ALX,,,,2.6
stone_2632,W30,AME,,,,2.6
stone_2633,W30,AMZ,,,,2.6
stone_2634,W30,AP,,,,2.6
stone_2635,W30,AQ,,,,2.6
stone_2636,W30,AVT,,,,2.6
stone_2637,W30,BAG,,,,2.6
stone_2638,W30,BDI,,,,2.6
stone_2639,W30,BKTOU,,,,2.6
stone_2640,W30,BON,,,,2.6
stone_2641,W30,BRL,,,,2.6
stone_2642,W30,BRZ,,,,2.6
stone_2643,W30,BT,,,,2.6
stone_2644,W30,BTOUR,,,,2.6
stone_2645,W30,BUT,,,,2.6
stone_2646,W30,BZ,,,,2.6
stone_2647,W30,CAC,,,,2.6
stone_2648,W30,CAM,,,,2.6
stone_2649,W30,CAR,,,,2.6
stone_2650,W30,CCT,,,,3.25
stone_2651,W30,CHA,,,,2.6
stone_2652,W30,CHP,,,,2.6
stone_2653,W30,CHR,,,,2.6
stone_2654,W30,CHRP,,,,2.6
stone_2655,W30,CIT,,,,2.6
stone_2656,W30,COG,,,,2.6
stone_2657,W30,CORAL,,,,3.25
stone_2658,W30,CRY,,,,2.6
stone_2659,W30,CUB,,,,2.6
stone_2660,W30,DIO,,,,2.6
stone_2661,W30,DRE,,,,2.6
stone_2662,W30,DTS,,0.6,,1.66
stone_2663,W30,DTS,,0.7,,1.66
stone_2664,W30,DTS,,0.8,,1.64
stone_2665,W30,DTS,,0.9,,1.64
stone_2666,W30,DTS,,1.0,,1.61
stone_2667,W30,DTS,,1.1,,1.61
stone_2668,W30,DTS,,1.2,,1.61
stone_2669,W30,DTS,,1.3,,1.61
stone_2670,W30,DTS,,1.4,,1.59
stone_2671,W30,DTS,,1.5,,1.59
stone_2672,W30,DTS,,1.6,,1.59
stone_2673,W30,DTS,,1.7,,1.59
stone_2674,W30,DTS,,1.8,,1.56
stone_2675,W30,DTS,,1.9,,1.56
stone_2676,W30,DTS,,10.0,,1.46
stone_2677,W30,DTS,,2.0,,1.56
stone_2678,W30,DTS,,2.1,,1.56
stone_2679,W30,DTS,,2.2,,1.56
stone_2680,W30,DTS,,2.3,,1.56
stone_2681,W30,DTS,,2.4,,1.56
stone_2682,W30,DTS,,2.5,,1.56
stone_2683,W30,DTS,,2.6,,1.56
stone_2684,W30,DTS,,2.7,,1.53
stone_2685,W30,DTS,,2.8,,1.53
stone_2686,W30,DTS,,2.9,,1.53
stone_2687,W30,DTS,,3.0,,1.53
stone_2688,W30,DTS,,3.1,,1.53
stone_2689,W30,DTS,,3.2,,1.51
stone_2690,W30,DTS,,3.3,,1.51
stone_2691,W30,DTS,,3.4,,1.51
stone_2692,W30,DTS,,3.5,,1.51
stone_2693,W30,DTS,,3.6,,1.51
stone_2694,W30,DTS,,3.7,,1.51
stone_2695,W30,DTS,,3.8,,1.51
stone_2696,W30,DTS,,3.9,,1.51
stone_2697,W30,DTS,,4.0,,1.51
stone_2698,W30,DTS,,4.1,,1.51
stone_2699,W30,DTS,,4.2,,1.51
stone_2700,W30,DTS,,4.3,,1.51
stone_2701,W30,DTS,,4.4,,1.51
stone_2702,W30,DTS,,4.5,,1.51
stone_2703,W30,DTS,,4.6,,1.51
stone_2704,W30,DTS,,4.7,,1.51
stone_2705,W30,DTS,,4.8,,1.51
stone_2706,W30,DTS,,4.9,,1.51
stone_2707,W30,DTS,,5.0,,1.51
stone_2708,W30,DTS,,5.1,,1.51
stone_2709,W30,DTS,,5.2,,1.51
stone_2710,W30,DTS,,5.3,,1.51
stone_2711,W30,DTS,,5.4,,1.51
stone_2712,W30,DTS,,5.5,,1.51
stone_2713,W30,DTS,,5.6,,1.51
stone_2714,W30,DTS,,5.7,,1.51
stone_2715,W30,DTS,,5.75,,1.51
stone_2716,W30,DTS,,5.8,,1.51
stone_2717,W30,DTS,,5.9,,1.51
stone_2718,W30,DTS,,6.0,,1.51
stone_2719,W30,DTS,,6.1,,1.51
stone_2720,W30,DTS,,6.5,,1.51
stone_2721,W30,DTS,,7.0,,1.51
stone_2722,W30,DTS,,7.5,,1.51
stone_2723,W30,DTS,,8.0,,1.51
stone_2724,W30,DTS,,9.0,,1.51
stone_2725,W30,DTS,,MIX,,1.64
stone_2726,W30,DTS,BG,,,1.64
stone_2727,W30,DTS,CUS,,,1.64
stone_2728,W30,DTS,HEX,,,1.64
stone_2729,W30,DTS,MQ,,,1.64
stone_2730,W30,DTS,OCT,,,1.64
stone_2731,W30,DTS,OV,,,1.64
stone_2732,W30,DTS,PR,,,1.64
stone_2733,W30,DTS,PS,,,1.64
stone_2734,W30,DTS,RO,,,1.64
stone_2735,W30,DTS,RST,,,1.64
stone_2736,W30,DTS,SQ,,,1.64
stone_2737,W30,DTS,TP,,,1.64
stone_2738,W30,DTS,TR,,,1.64
stone_2739,W30,DTS,TRG,,,1.64
stone_2740,W30,DYJ,,,,2.6
stone_2741,W30,EAG,,,,2.6
stone_2742,W30,EM,,,,1.89
stone_2743,W30,FLU,,,,2.6
stone_2744,W30,FOP,,,,2.6
stone_2745,W30,FYTOU,,,,2.6
stone_2746,W30,GA,,,,2.6
stone_2747,W30,GQ,,,,2.6
stone_2748,W30,GTOUR,,,,2.6
stone_2749,W30,HMT,,,,2.6
stone_2750,W30,IOL,,,,2.6
stone_2751,W30,JAD,,,,2.6
stone_2752,W30,JET,,,,2.6
stone_2753,W30,JSP,,,,2.6
stone_2754,W30,KUN,,,,2.6
stone_2755,W30,KYA,,,,2.6
stone_2756,W30,LAB,,,,2.6
stone_2757,W30,LAP,,,,2.6
stone_2758,W30,LAQ,,,,2.6
stone_2759,W30,MAB,,,,2.6
stone_2760,W30,MGA,,,,2.6
stone_2761,W30,MIS,,,,2.6
stone_2762,W30,MLK,,,,2.6
stone_2763,W30,MOI,,,,1.56
stone_2764,W30,MON,,,,2.6
stone_2765,W30,MOP,,,,2.6
stone_2766,W30,MOR,,,,2.6
stone_2767,W30,NEP,,,,2.6
stone_2768,W30,OBS,,,,2.6
stone_2769,W30,OLQ,,,,2.6
stone_2770,W30,ONY,,,,2.6
stone_2771,W30,OP,,,,2.6
stone_2772,W30,PAR,,,,2.02
stone_2773,W30,PER,,,,2.6
stone_2774,W30,POR,,,,3.25
stone_2775,W30,PQA,,,,2.6
stone_2776,W30,PR1,,,,2.0
stone_2777,W30,PR2,,,,2.0
stone_2778,W30,PREH,,,,2.6
stone_2779,W30,PRL,,,,2.0
stone_2780,W30,PTOUR,,,,0.6
stone_2781,W30,QUB,,,,2.6
stone_2782,W30,RCR,,,,2.6
stone_2783,W30,RDC,,,,2.6
stone_2784,W30,RDF,,,,2.6
stone_2785,W30,RHO,,,,0.6
stone_2786,W30,RU,,,,1.7
stone_2787,W30,RUBE,,,,2.6
stone_2788,W30,RUT,,,,2.6
stone_2789,W30,SA,,,,1.7
stone_2790,W30,SB,,,,2.6
stone_2791,W30,SIL,,,,1.7
stone_2792,W30,SK,,,,1.7
stone_2793,W30,SMQ,,,,2.6
stone_2794,W30,SPE,,,,2.6
stone_2795,W30,SPI,,,,2.6
stone_2796,W30,STS,,,,1.5
stone_2797,W30,SUN,,,,2.6
stone_2798,W30,SYN,,,,2.6
stone_2799,W30,TAN,,,,1.7
stone_2800,W30,THP,,,,1.69
stone_2801,W30,TIG,,,,2.6
stone_2802,W30,TOP,,,,2.6
stone_2803,W30,TOU,,,,2.6
stone_2804,W30,TSAV,,,,2.6
stone_2805,W30,TU,,,,3.25
stone_2806,W30,TURQ,,,,2.6
stone_2807,W30,UV,,,,2.6
stone_2808,W30,WD,,,,2.6
stone_2809,W30,WQA,,,,2.6
stone_2810,W30,WT,,,,2.6
stone_2811,W30,ZC,,,,2.6
stone_2812,W5,0,,,,2.1
stone_2813,W5,1,,,,2.1
stone_2814,W5,ABA,,,,2.1
stone_2815,W5,AGA,,,,2.1
stone_2816,W5,AK1,,,,2.1
stone_2817,W5,AK2,,,,2.1
stone_2818,W5,ALX,,,,2.1
stone_2819,W5,AME,,,,2.1
stone_2820,W5,AMZ,,,,2.1
stone_2821,W5,AP,,,,2.1
stone_2822,W5,AQ,,,,2.1
stone_2823,W5,AVT,,,,2.1
stone_2824,W5,BAG,,,,2.1
stone_2825,W5,BDI,,,,2.1
stone_2826,W5,BKTOU,,,,2.1
stone_2827,W5,BON,,,,2.1
stone_2828,W5,BRL,,,,2.1
stone_2829,W5,BRZ,,,,2.1
stone_2830,W5,BT,,,,2.1
stone_2831,W5,BTOUR,,,,2.1
stone_2832,W5,BUT,,,,2.1
stone_2833,W5,BZ,,,,2.1
stone_2834,W5,CAC,,,,2.1
stone_2835,W5,CAM,,,,2.1
stone_2836,W5,CAR,,,,2.1
stone_2837,W5,CCT,,,,2.625
stone_2838,W5,CHA,,,,2.1
stone_2839,W5,CHP,,,,2.1
stone_2840,W5,CHR,,,,2.1
stone_2841,W5,CHRP,,,,2.1
stone_2842,W5,CIT,,,,2.1
stone_2843,W5,COG,,,,2.1
stone_2844,W5,CORAL,,,,2.625
stone_2845,W5,CRY,,,,2.1
stone_2846,W5,CUB,,,,2.1
stone_2847,W5,DIO,,,,2.1
stone_2848,W5,DRE,,,,2.1
stone_2849,W5,DTS,,0.6,,34.0
stone_2850,W5,DTS,,0.7,,1.34
stone_2851,W5,DTS,,0.8,,1.32
stone_2852,W5,DTS,,0.9,,1.32
stone_2853,W5,DTS,,1.0,,1.3
stone_2854,W5,DTS,,1.1,,1.3
stone_2855,W5,DTS,,1.2,,1.3
stone_2856,W5,DTS,,1.3,,1.3
stone_2857,W5,DTS,,1.4,,1.28
stone_2858,W5,DTS,,1.5,,1.28
stone_2859,W5,DTS,,1.6,,1.28
stone_2860,W5,DTS,,1.7,,1.28
stone_2861,W5,DTS,,1.8,,1.26
stone_2862,W5,DTS,,1.9,,1.26
stone_2863,W5,DTS,,10.0,,1.18
stone_2864,W5,DTS,,2.0,,1.26
stone_2865,W5,DTS,,2.1,,1.26
stone_2866,W5,DTS,,2.2,,1.26
stone_2867,W5,DTS,,2.3,,1.26
stone_2868,W5,DTS,,2.4,,1.26
stone_2869,W5,DTS,,2.5,,1.26
stone_2870,W5,DTS,,2.6,,1.26
stone_2871,W5,DTS,,2.7,,1.24
stone_2872,W5,DTS,,2.8,,1.24
stone_2873,W5,DTS,,2.9,,1.24
stone_2874,W5,DTS,,3.0,,1.24
stone_2875,W5,DTS,,3.1,,1.24
stone_2876,W5,DTS,,3.2,,1.22
stone_2877,W5,DTS,,3.3,,1.22
stone_2878,W5,DTS,,3.4,,1.22
stone_2879,W5,DTS,,3.5,,1.22
stone_2880,W5,DTS,,3.6,,1.22
stone_2881,W5,DTS,,3.7,,1.22
stone_2882,W5,DTS,,3.8,,1.22
stone_2883,W5,DTS,,3.9,,1.22
stone_2884,W5,DTS,,4.0,,1.22
stone_2885,W5,DTS,,4.1,,1.22
stone_2886,W5,DTS,,4.2,,1.22
stone_2887,W5,DTS,,4.3,,1.22
stone_2888,W5,DTS,,4.4,,1.22
stone_2889,W5,DTS,,4.5,,1.22
stone_2890,W5,DTS,,4.6,,1.22
stone_2891,W5,DTS,,4.7,,1.22
stone_2892,W5,DTS,,4.8,,1.22
stone_2893,W5,DTS,,4.9,,1.22
stone_2894,W5,DTS,,5.0,,1.22
stone_2895,W5,DTS,,5.1,,1.22
stone_2896,W5,DTS,,5.2,,1.22
stone_2897,W5,DTS,,5.3,,1.22
stone_2898,W5,DTS,,5.4,,1.22
stone_2899,W5,DTS,,5.5,,1.22
stone_2900,W5,DTS,,5.6,,1.22
stone_2901,W5,DTS,,5.7,,1.22
stone_2902,W5,DTS,,5.75,,1.22
stone_2903,W5,DTS,,5.8,,1.22
stone_2904,W5,DTS,,5.9,,1.22
stone_2905,W5,DTS,,6.0,,1.22
stone_2906,W5,DTS,,6.1,,1.22
stone_2907,W5,DTS,,6.5,,1.22
stone_2908,W5,DTS,,7.0,,1.22
stone_2909,W5,DTS,,7.5,,1.22
stone_2910,W5,DTS,,8.0,,1.22
stone_2911,W5,DTS,,9.0,,1.22
stone_2912,W5,DTS,,MIX,,1.32
stone_2913,W5,DTS,BG,,,1.32
stone_2914,W5,DTS,CUS,,,1.32
stone_2915,W5,DTS,HEX,,,1.32
stone_2916,W5,DTS,MQ,,,1.32
stone_2917,W5,DTS,OCT,,,1.32
stone_2918,W5,DTS,OV,,,1.32
stone_2919,W5,DTS,PR,,,1.32
stone_2920,W5,DTS,PS,,,1.32
stone_2921,W5,DTS,RO,,,1.32
stone_2922,W5,DTS,RST,,,1.32
stone_2923,W5,DTS,SQ,,,1.32
stone_2924,W5,DTS,TP,,,1.32
stone_2925,W5,DTS,TR,,,1.32
stone_2926,W5,DTS,TRG,,,1.32
stone_2927,W5,DYJ,,,,2.1
stone_2928,W5,EAG,,,,2.1
stone_2929,W5,EM,,,,1.528
stone_2930,W5,FLU,,,,2.1
stone_2931,W5,FOP,,,,2.1
stone_2932,W5,FYTOU,,,,2.1
stone_2933,W5,GA,,,,2.1
stone_2934,W5,GQ,,,,2.1
stone_2935,W5,GTOUR,,,,2.1
stone_2936,W5,HMT,,,,2.1
stone_2937,W5,IOL,,,,2.1
stone_2938,W5,JAD,,,,2.1
stone_2939,W5,JET,,,,2.1
stone_2940,W5,JSP,,,,2.1
stone_2941,W5,KUN,,,,2.1
stone_2942,W5,KYA,,,,2.1
stone_2943,W5,LAB,,,,2.1
stone_2944,W5,LAP,,,,2.1
stone_2945,W5,LAQ,,,,2.1
stone_2946,W5,MAB,,,,2.1
stone_2947,W5,MGA,,,,2.1
stone_2948,W5,MIS,,,,2.1
stone_2949,W5,MLK,,,,2.1
stone_2950,W5,MOI,,,,1.26
stone_2951,W5,MON,,,,2.1
stone_2952,W5,MOP,,,,2.1
stone_2953,W5,MOR,,,,2.1
stone_2954,W5,NEP,,,,2.1
stone_2955,W5,OBS,,,,2.1
stone_2956,W5,OLQ,,,,2.1
stone_2957,W5,ONY,,,,2.1
stone_2958,W5,OP,,,,2.1
stone_2959,W5,PAR,,,,1.64
stone_2960,W5,PER,,,,2.1
stone_2961,W5,POR,,,,2.625
stone_2962,W5,PQA,,,,2.1
stone_2963,W5,PR1,,,,2.1
stone_2964,W5,PR2,,,,2.1
stone_2965,W5,PREH,,,,2.1
stone_2966,W5,PRL,,,,2.1
stone_2967,W5,PTOUR,,,,2.1
stone_2968,W5,QUB,,,,2.1
stone_2969,W5,RCR,,,,2.1
stone_2970,W5,RDC,,,,2.1
stone_2971,W5,RDF,,,,2.1
stone_2972,W5,RHO,,,,2.1
stone_2973,W5,RU,,,,1.365
stone_2974,W5,RUBE,,,,2.1
stone_2975,W5,RUT,,,,2.1
stone_2976,W5,SA,,,,1.365
stone_2977,W5,SB,,,,2.1
stone_2978,W5,SIL,,,,1.365
stone_2979,W5,SK,,,,1.365
stone_2980,W5,SMQ,,,,2.1
stone_2981,W5,SPE,,,,2.1
stone_2982,W5,SPI,,,,2.1
stone_2983,W5,STS,,,,1.2
stone_2984,W5,SUN,,,,2.1
stone_2985,W5,SYN,,,,2.1
stone_2986,W5,TAN,,,,1.365
stone_2987,W5,THP,,,,1.365
stone_2988,W5,TIG,,,,2.1
stone_2989,W5,TOP,,,,2.1
stone_2990,W5,TOU,,,,2.1
stone_2991,W5,TSAV,,,,1.365
stone_2992,W5,TU,,,,2.625
stone_2993,W5,TURQ,,,,2.1
stone_2994,W5,UV,,,,2.1
stone_2995,W5,WD,,,,2.1
stone_2996,W5,WQA,,,,2.1
stone_2997,W5,WT,,,,2.1
stone_2998,W5,ZC,,,,2.1
stone_2999,WHO,ABA,,,,2.0
stone_3000,WHO,AGA,,,,2.0
stone_3001,WHO,AK1,,,,2.0
stone_3002,WHO,AK2,,,,2.0
stone_3003,WHO,ALX,,,,2.0
stone_3004,WHO,AME,,,,2.0
stone_3005,WHO,AMZ,,,,2.0
stone_3006,WHO,AP,,,,2.0
stone_3007,WHO,AQ,,,,2.0
stone_3008,WHO,AVT,,,,2.0
stone_3009,WHO,BAG,,,,2.0
stone_3010,WHO,BDI,,,,2.0
stone_3011,WHO,BKTOU,,,,2.0
stone_3012,WHO,BON,,,,2.0
stone_3013,WHO,BRL,,,,2.0
stone_3014,WHO,BRZ,,,,2.0
stone_3015,WHO,BT,,,,2.0
stone_3016,WHO,BTOUR,,,,2.0
stone_3017,WHO,BUT,,,,2.0
stone_3018,WHO,BZ,,,,2.0
stone_3019,WHO,CAC,,,,2.0
stone_3020,WHO,CAM,,,,2.0
stone_3021,WHO,CAR,,,,2.0
stone_3022,WHO,CCT,,,,2.5
stone_3023,WHO,CHA,,,,2.0
stone_3024,WHO,CHP,,,,2.0
stone_3025,WHO,CHR,,,,2.0
stone_3026,WHO,CHRP,,,,2.0
stone_3027,WHO,CIT,,,,2.0
stone_3028,WHO,COG,,,,2.0
stone_3029,WHO,CORAL,,,,2.5
stone_3030,WHO,CRY,,,,2.0
stone_3031,WHO,CUB,,,,2.0
stone_3032,WHO,DIO,,,,2.0
stone_3033,WHO,DRE,,,,2.0
stone_3034,WHO,DTS,,0.6,,1.28
stone_3035,WHO,DTS,,0.7,,1.28
stone_3036,WHO,DTS,,0.8,,1.26
stone_3037,WHO,DTS,,0.9,,1.26
stone_3038,WHO,DTS,,1.0,,1.24
stone_3039,WHO,DTS,,1.1,,1.24
stone_3040,WHO,DTS,,1.2,,1.24
stone_3041,WHO,DTS,,1.3,,1.24
stone_3042,WHO,DTS,,1.4,,1.22
stone_3043,WHO,DTS,,1.5,,1.22
stone_3044,WHO,DTS,,1.6,,1.22
stone_3045,WHO,DTS,,1.7,,1.22
stone_3046,WHO,DTS,,1.8,,1.2
stone_3047,WHO,DTS,,1.9,,1.2
stone_3048,WHO,DTS,,10.0,,1.12
stone_3049,WHO,DTS,,2.0,,1.2
stone_3050,WHO,DTS,,2.1,,1.2
stone_3051,WHO,DTS,,2.2,,1.2
stone_3052,WHO,DTS,,2.3,,1.2
stone_3053,WHO,DTS,,2.4,,1.2
stone_3054,WHO,DTS,,2.5,,1.2
stone_3055,WHO,DTS,,2.6,,1.2
stone_3056,WHO,DTS,,2.7,,1.18
stone_3057,WHO,DTS,,2.8,,1.18
stone_3058,WHO,DTS,,2.9,,1.18
stone_3059,WHO,DTS,,3.0,,1.18
stone_3060,WHO,DTS,,3.1,,1.18
stone_3061,WHO,DTS,,3.2,,1.16
stone_3062,WHO,DTS,,3.3,,1.16
stone_3063,WHO,DTS,,3.4,,1.16
stone_3064,WHO,DTS,,3.5,,1.16
stone_3065,WHO,DTS,,3.6,,1.16
stone_3066,WHO,DTS,,3.7,,1.16
stone_3067,WHO,DTS,,3.8,,1.16
stone_3068,WHO,DTS,,3.9,,1.16
stone_3069,WHO,DTS,,4.0,,1.16
stone_3070,WHO,DTS,,4.1,,1.16
stone_3071,WHO,DTS,,4.2,,1.16
stone_3072,WHO,DTS,,4.3,,1.16
stone_3073,WHO,DTS,,4.4,,1.16
stone_3074,WHO,DTS,,4.5,,1.16
stone_3075,WHO,DTS,,4.6,,1.16
stone_3076,WHO,DTS,,4.7,,1.16
stone_3077,WHO,DTS,,4.8,,1.16
stone_3078,WHO,DTS,,4.9,,1.16
stone_3079,WHO,DTS,,5.0,,1.16
stone_3080,WHO,DTS,,5.1,,1.16
stone_3081,WHO,DTS,,5.2,,1.16
stone_3082,WHO,DTS,,5.3,,1.16
stone_3083,WHO,DTS,,5.4,,1.16
stone_3084,WHO,DTS,,5.5,,1.16
stone_3085,WHO,DTS,,5.6,,1.16
stone_3086,WHO,DTS,,5.7,,1.16
stone_3087,WHO,DTS,,5.75,,1.16
stone_3088,WHO,DTS,,5.8,,1.16
stone_3089,WHO,DTS,,5.9,,1.16
stone_3090,WHO,DTS,,6.0,,1.16
stone_3091,WHO,DTS,,6.1,,1.16
stone_3092,WHO,DTS,,6.5,,1.16
stone_3093,WHO,DTS,,7.0,,1.16
stone_3094,WHO,DTS,,7.5,,1.16
stone_3095,WHO,DTS,,8.0,,1.16
stone_3096,WHO,DTS,,9.0,,1.16
stone_3097,WHO,DTS,,MIX,,1.26
stone_3098,WHO,DTS,BG,,,1.26
stone_3099,WHO,DTS,CUS,,,1.26
stone_3100,WHO,DTS,HEX,,,1.26
stone_3101,WHO,DTS,MQ,,,1.26
stone_3102,WHO,DTS,OCT,,,1.26
stone_3103,WHO,DTS,OV,,,1.26
stone_3104,WHO,DTS,PR,,,1.26
stone_3105,WHO,DTS,PS,,,1.26
stone_3106,WHO,DTS,RO,,,1.26
stone_3107,WHO,DTS,RST,,,1.26
stone_3108,WHO,DTS,SQ,,,1.26
stone_3109,WHO,DTS,TP,,,1.26
stone_3110,WHO,DTS,TR,,,1.26
stone_3111,WHO,DTS,TRG,,,1.26
stone_3112,WHO,DYJ,,,,2.0
stone_3113,WHO,EAG,,,,2.0
stone_3114,WHO,EM,,,,1.455
stone_3115,WHO,FLU,,,,2.0
stone_3116,WHO,FOP,,,,2.0
stone_3117,WHO,FYTOU,,,,2.0
stone_3118,WHO,GA,,,,2.0
stone_3119,WHO,GQ,,,,2.0
stone_3120,WHO,GTOUR,,,,2.0
stone_3121,WHO,HMT,,,,2.0
stone_3122,WHO,IOL,,,,2.0
stone_3123,WHO,JAD,,,,2.0
stone_3124,WHO,JET,,,,2.0
stone_3125,WHO,JSP,,,,2.0
stone_3126,WHO,KUN,,,,2.0
stone_3127,WHO,KYA,,,,2.0
stone_3128,WHO,LAB,,,,2.0
stone_3129,WHO,LAP,,,,2.0
stone_3130,WHO,LAQ,,,,2.0
stone_3131,WHO,MAB,,,,2.0
stone_3132,WHO,MGA,,,,2.0
stone_3133,WHO,MIS,,,,2.0
stone_3134,WHO,MLK,,,,2.0
stone_3135,WHO,MOI,,,,1.2
stone_3136,WHO,MON,,,,2.0
stone_3137,WHO,MOP,,,,2.0
stone_3138,WHO,MOR,,,,2.0
stone_3139,WHO,NEP,,,,2.0
stone_3140,WHO,OBS,,,,2.0
stone_3141,WHO,OLQ,,,,2.0
stone_3142,WHO,ONY,,,,2.0
stone_3143,WHO,OP,,,,2.0
stone_3144,WHO,PAR,,,,1.56
stone_3145,WHO,PER,,,,2.0
stone_3146,WHO,POR,,,,2.5
stone_3147,WHO,PQA,,,,2.0
stone_3148,WHO,PR1,,,,2.0
stone_3149,WHO,PR2,,,,2.0
stone_3150,WHO,PREH,,,,2.0
stone_3151,WHO,PRL,,,,2.0
stone_3152,WHO,PTOUR,,,,2.0
stone_3153,WHO,QUB,,,,2.0
stone_3154,WHO,RCR,,,,2.0
stone_3155,WHO,RDF,,,,2.0
stone_3156,WHO,RHO,,,,2.0
stone_3157,WHO,RU,,,,1.3
stone_3158,WHO,RUBE,,,,2.0
stone_3159,WHO,RUT,,,,2.0
stone_3160,WHO,SA,,,,1.3
stone_3161,WHO,SB,,,,2.0
stone_3162,WHO,SIL,,,,1.3
stone_3163,WHO,SK,,,,1.3
stone_3164,WHO,SMQ,,,,2.0
stone_3165,WHO,SPE,,,,2.0
stone_3166,WHO,SPI,,,,2.0
stone_3167,WHO,STS,,,,1.15
stone_3168,WHO,SUN,,,,2.0
stone_3169,WHO,SYN,,,,2.0
stone_3170,WHO,TAN,,,,1.3
stone_3171,WHO,THP,,,,1.3
stone_3172,WHO,TIG,,,,2.0
stone_3173,WHO,TOP,,,,2.0
stone_3174,WHO,TOU,,,,2.0
stone_3175,WHO,TSAV,,,,1.3
stone_3176,WHO,TU,,,,2.5
stone_3177,WHO,TURQ,,,,2.0
stone_3178,WHO,UV,,,,2.0
stone_3179,WHO,WD,,,,2.0
stone_3180,WHO,WQA,,,,2.0
stone_3181,WHO,WT,,,,2.0
stone_3182,WHO,ZC,,,,2.0
