id,margin_id,metal_purity_id,rate
metal_0,EM+15,10K,1.4
metal_1,EM+15,14K,1.38
metal_2,EM+15,18K,1.36
metal_3,EM+15,22K,1.33
metal_4,EM+15,24K,1.31
metal_5,EM+15,925,1.59
metal_6,EM+15,955,1.84
metal_7,EM+15,9K,1.41
metal_8,EM+15,ALL,1.265
metal_9,EM+15,B,2.3
metal_10,EM+70,10K,2.07
metal_11,EM+70,14K,2.04
metal_12,EM+70,18K,2.01
metal_13,EM+70,22K,1.97
metal_14,EM+70,24K,1.94
metal_15,EM+70,925,2.35
metal_16,EM+70,955,4.6
metal_17,EM+70,9K,2.09
metal_18,EM+70,ALL,1.87
metal_19,EM+70,B,3.4
metal_20,EM+77,10K,2.16
metal_21,EM+77,14K,2.12
metal_22,EM+77,18K,2.09
metal_23,EM+77,22K,2.05
metal_24,EM+77,24K,2.02
metal_25,EM+77,925,2.44
metal_26,EM+77,955,4.78
metal_27,EM+77,9K,2.18
metal_28,EM+77,ALL,1.947
metal_29,EM+77,B,3.54
metal_30,EM+90,10K,2.32
metal_31,EM+90,14K,2.28
metal_32,EM+90,18K,2.24
metal_33,EM+90,22K,2.2
metal_34,EM+90,24K,2.17
metal_35,EM+90,925,2.62
metal_36,EM+90,955,5.13
metal_37,EM+90,9K,2.34
metal_38,EM+90,ALL,2.09
metal_39,EM+90,B,3.8
metal_40,EMA,10K,1.24
metal_41,EMA,14K,1.2
metal_42,EMA,18K,1.18
metal_43,EMA,22K,1.156
metal_44,EMA,24K,1.14
metal_45,EMA,925,1.38
metal_46,EMA,955,1.6
metal_47,EMA,9K,1.25
metal_48,EMA,ALL,1.18
metal_49,EMA,B,2.0
metal_50,EMA,ALL,1.2
metal_51,EMA,ALL,1.2
metal_52,EMA+7,10K,1.33
metal_53,EMA+7,14K,1.29
metal_54,EMA+7,18K,1.27
metal_55,EMA+7,22K,1.23
metal_56,EMA+7,24K,1.22
metal_57,EMA+7,925,1.48
metal_58,EMA+7,955,1.71
metal_59,EMA+7,9K,1.34
metal_60,N30,ALL,1.3
metal_61,N35,10K,1.35
metal_62,N35,14K,1.35
metal_63,N35,18K,1.35
metal_64,N35,22K,1.35
metal_65,N35,24K,1.35
metal_66,N35,925,1.35
metal_67,N35,955,1.35
metal_68,N35,9K,1.35
metal_69,N35,ALL,1.35
metal_70,N35,B,1.35
metal_71,NET,ALL,1.0
metal_72,NET45,ALL,1.42
metal_73,NR+10,10K,1.69
metal_74,NR+10,14K,1.68
metal_75,NR+10,18K,1.66
metal_76,NR+10,22K,1.64
metal_77,NR+10,24K,1.62
metal_78,NR+10,925,4.4
metal_79,NR+10,955,2.24
metal_80,NR+10,9K,1.71
metal_81,NR+10,ALL,1.666
metal_82,NR+10,B,5.5
metal_83,NRET,10K,1.54
metal_84,NRET,14K,1.53
metal_85,NRET,18K,1.51
metal_86,NRET,22K,1.49
metal_87,NRET,24K,1.47
metal_88,NRET,925,4.0
metal_89,NRET,955,2.04
metal_90,NRET,9K,1.55
metal_91,NRET,ALL,1.5147
metal_92,NRET,B,5.0
metal_93,NRET,ALL,1.35
metal_94,NRET,ALL,1.35
metal_95,ORET,10K,1.46
metal_96,ORET,14K,1.45
metal_97,ORET,18K,1.42
metal_98,ORET,22K,1.42
metal_99,ORET,24K,1.4
metal_100,ORET,925,3.8
metal_101,ORET,955,1.92
metal_102,ORET,9K,1.47
metal_103,ORET,ALL,1.4076
metal_104,ORET,B,4.75
metal_105,ORET,ALL,1.3
metal_106,ORET,ALL,1.3
metal_107,UK,10K,2.32
metal_108,UK,14K,2.28
metal_109,UK,18K,2.24
metal_110,UK,22K,2.2
metal_111,UK,24K,2.17
metal_112,UK,925,2.62
metal_113,UK,955,3.02
metal_114,UK,9K,2.34
metal_115,UK,ALL,2.51
metal_116,UK,B,3.8
metal_117,W10,10K,1.34
metal_118,W10,14K,1.32
metal_119,W10,18K,1.3
metal_120,W10,22K,1.287
metal_121,W10,24K,1.25
metal_122,W10,925,1.65
metal_123,W10,955,1.75
metal_124,W10,9K,1.35
metal_125,W10,ALL,1.298
metal_126,W10,B,3.3
metal_127,W10,ALL,1.375
metal_128,W10,ALL,1.375
metal_129,W15,10K,1.4
metal_130,W15,14K,1.38
metal_131,W15,18K,1.36
metal_132,W15,22K,1.33
metal_133,W15,24K,1.31
metal_134,W15,925,1.59
metal_135,W15,955,1.84
metal_136,W15,9K,1.41
metal_137,W15,ALL,1.357
metal_138,W15,B,2.3
metal_139,W15,ALL,1.4375
metal_140,W15,ALL,1.4375
metal_141,W20,10K,1.46
metal_142,W20,14K,1.44
metal_143,W20,18K,1.42
metal_144,W20,22K,1.39
metal_145,W20,24K,1.37
metal_146,W20,925,1.66
metal_147,W20,955,1.92
metal_148,W20,9K,1.48
metal_149,W20,ALL,1.416
metal_150,W20,B,2.4
metal_151,W3,10K,1.26
metal_152,W3,14K,1.24
metal_153,W3,18K,1.22
metal_154,W3,22K,1.19
metal_155,W3,24K,1.17
metal_156,W3,925,1.42
metal_157,W3,955,1.65
metal_158,W3,9K,1.27
metal_159,W3,ALL,1.2154
metal_160,W3,B,2.06
metal_161,W3,ALL,1.2875
metal_162,W3,ALL,1.2875
metal_163,W30,10K,1.59
metal_164,W30,14K,1.56
metal_165,W30,18K,1.53
metal_166,W30,22K,1.51
metal_167,W30,24K,1.48
metal_168,W30,925,1.79
metal_169,W30,955,2.07
metal_170,W30,9K,1.6
metal_171,W30,ALL,1.534
metal_172,W30,B,2.6
metal_173,W5,10K,1.28
metal_174,W5,14K,1.26
metal_175,W5,18K,1.24
metal_176,W5,22K,1.22
metal_177,W5,24K,1.2
metal_178,W5,925,1.45
metal_179,W5,955,1.67
metal_180,W5,9K,1.29
metal_181,W5,ALL,1.239
metal_182,W5,B,2.1
metal_183,WHO,10K,1.22
metal_184,WHO,14K,1.2
metal_185,WHO,18K,1.18
metal_186,WHO,22K,1.16
metal_187,WHO,24K,1.14
metal_188,WHO,925,1.38
metal_189,WHO,955,1.6
metal_190,WHO,9K,1.23
metal_191,WHO,ALL,1.18
metal_192,WHO,B,2.0
metal_193,WHO,ALL,1.25
metal_194,WHO,ALL,1.25
